"","text","favorited","favoriteCount","replyToSN","created","truncated","replyToSID","id","replyToUID","statusSource","screenName","retweetCount","isRetweet","retweeted","longitude","latitude"
"1","The company still hasn't been sold, or done a major acquisition https://t.co/Bd8jxk9vnL $MDLX",FALSE,0,NA,2017-04-10 23:17:01,FALSE,NA,"851574772181995524",NA,"<a href=""http://www.socialflow.com"" rel=""nofollow"">SocialFlow</a>","TheStreet",1,FALSE,FALSE,NA,NA
"2","Tesla's takeover of the headlines in the auto industry continues https://t.co/F97hYOjuzT $TSLA",FALSE,3,NA,2017-04-10 22:39:01,FALSE,NA,"851565207273046016",NA,"<a href=""http://www.socialflow.com"" rel=""nofollow"">SocialFlow</a>","TheStreet",2,FALSE,FALSE,NA,NA
"3","Wells Fargo's board has clawed back an additional $28 million in incentive pay from former CEO John Stumpf https://t.co/wtpXuiBttN $WFC",FALSE,3,NA,2017-04-10 22:12:08,FALSE,NA,"851558442548568064",NA,"<a href=""http://www.socialflow.com"" rel=""nofollow"">SocialFlow</a>","TheStreet",1,FALSE,FALSE,NA,NA
"4","Gold is going higher so let's check the charts https://t.co/dVhUntsu6m",FALSE,4,NA,2017-04-10 21:51:02,FALSE,NA,"851553132014432259",NA,"<a href=""http://www.socialflow.com"" rel=""nofollow"">SocialFlow</a>","TheStreet",4,FALSE,FALSE,NA,NA
"5","Jim Cramer asked a panel of experts at his #TradingStrategies roundtable if the Trump admin should reign in the Fed https://t.co/HpzcebQoZ8",FALSE,0,NA,2017-04-10 21:24:04,FALSE,NA,"851546346498793476",NA,"<a href=""http://www.socialflow.com"" rel=""nofollow"">SocialFlow</a>","TheStreet",4,FALSE,FALSE,NA,NA
"6","We're turning to a new list of ""Rocket Stocks"" that look primed to outperform https://t.co/6liZDaMXDG",FALSE,2,NA,2017-04-10 21:21:02,FALSE,NA,"851545583697448960",NA,"<a href=""http://www.socialflow.com"" rel=""nofollow"">SocialFlow</a>","TheStreet",2,FALSE,FALSE,NA,NA
"7","Tax reform may be farther off than you think: https://t.co/o0DGe989mw https://t.co/CsNFZRd0LA",FALSE,2,NA,2017-04-10 21:09:03,FALSE,NA,"851542566180868096",NA,"<a href=""https://studio.twitter.com"" rel=""nofollow"">Media Studio</a>","TheStreet",3,FALSE,FALSE,NA,NA
"8","$T spends $1.6B to upgrade its 5G wireless plan with $STRP https://t.co/GhBkjLXLhE https://t.co/yRZLCwXrB5",FALSE,1,NA,2017-04-10 20:59:04,FALSE,NA,"851540054006562816",NA,"<a href=""https://dlvrit.com/"" rel=""nofollow"">dlvr.it</a>","TheStreet",2,FALSE,FALSE,NA,NA
"9","President Trump is about to get a new car to cruise around town in: https://t.co/UofLqEgiVz",FALSE,3,NA,2017-04-10 20:48:03,FALSE,NA,"851537280724545536",NA,"<a href=""http://www.socialflow.com"" rel=""nofollow"">SocialFlow</a>","TheStreet",3,FALSE,FALSE,NA,NA
"10","Three 29-year-old friends took the risk of their lives and now New York City is reaping the delicious rewards: https://t.co/fEXBi9igen",FALSE,2,NA,2017-04-10 20:48:03,FALSE,NA,"851537280309317632",NA,"<a href=""http://www.socialflow.com"" rel=""nofollow"">SocialFlow</a>","TheStreet",1,FALSE,FALSE,NA,NA
"11","Love or hate him, Sergio Garcia deserves some applause for winning his first Masters on Sunday https://t.co/eijG0T3QQl",FALSE,8,NA,2017-04-10 20:37:05,FALSE,NA,"851534520407011330",NA,"<a href=""http://www.socialflow.com"" rel=""nofollow"">SocialFlow</a>","TheStreet",4,FALSE,FALSE,NA,NA
"12","Who said Lamborghini could just make mind-blowing supercars? https://t.co/smuuw8qma3",FALSE,3,NA,2017-04-10 20:25:04,FALSE,NA,"851531498985541634",NA,"<a href=""http://www.socialflow.com"" rel=""nofollow"">SocialFlow</a>","TheStreet",2,FALSE,FALSE,NA,NA
"13","Closing Bell: Needham Backs Amazon Growth; Stocks Retreat From Highs https://t.co/pdBIhCLcgz #stockaction https://t.co/3YvcEzUA4b",FALSE,2,NA,2017-04-10 20:24:37,FALSE,NA,"851531384476753920",NA,"<a href=""https://dlvrit.com/"" rel=""nofollow"">dlvr.it</a>","TheStreet",3,FALSE,FALSE,NA,NA
"14","Wall Street deflates in final minutes after choppy start to week https://t.co/n4yiY5lQQf https://t.co/9mNxB7To6n",FALSE,2,NA,2017-04-10 20:24:11,FALSE,NA,"851531276108443648",NA,"<a href=""https://dlvrit.com/"" rel=""nofollow"">dlvr.it</a>","TheStreet",3,FALSE,FALSE,NA,NA
"15","The 5 top paying jobs in America: https://t.co/B9rUwCuWLr https://t.co/OfPIQXOSy9",FALSE,1,NA,2017-04-10 20:17:03,FALSE,NA,"851529482192080896",NA,"<a href=""https://studio.twitter.com"" rel=""nofollow"">Media Studio</a>","TheStreet",1,FALSE,FALSE,NA,NA
"16","The Great Restructuring in retail continues https://t.co/skNCanKYdx",FALSE,6,NA,2017-04-10 20:07:03,FALSE,NA,"851526963424579585",NA,"<a href=""http://www.socialflow.com"" rel=""nofollow"">SocialFlow</a>","TheStreet",4,FALSE,FALSE,NA,NA
"17","Google Home could be allowing use of multiple accounts: https://t.co/T7qJoIZvkV $GOOGL https://t.co/gvq15TlaQx",FALSE,1,NA,2017-04-10 19:58:05,FALSE,NA,"851524706909921280",NA,"<a href=""https://studio.twitter.com"" rel=""nofollow"">Media Studio</a>","TheStreet",3,FALSE,FALSE,NA,NA
"18","Ford's new hybrid police car can travel 100 mph &amp; can save police departments nearly $4k annually in fuel costs https://t.co/xtYet3tJHu",FALSE,3,NA,2017-04-10 19:45:12,FALSE,NA,"851521463291195392",NA,"<a href=""http://www.socialflow.com"" rel=""nofollow"">SocialFlow</a>","TheStreet",4,FALSE,FALSE,NA,NA
"19","Trump's Immigration Policies Could Lead to a Less Fashionable America https://t.co/lyqSvOL3TM https://t.co/mDo5fSpckH",FALSE,1,NA,2017-04-10 19:30:09,FALSE,NA,"851517679194198016",NA,"<a href=""https://dlvrit.com/"" rel=""nofollow"">dlvr.it</a>","TheStreet",3,FALSE,FALSE,NA,NA
"20","Why Canada Goose soars way above America's dying retail sector: https://t.co/B2xoxwV1La $GOOS https://t.co/vAhUiFQMjj",FALSE,3,NA,2017-04-10 19:28:01,FALSE,NA,"851517140163219457",NA,"<a href=""https://studio.twitter.com"" rel=""nofollow"">Media Studio</a>","TheStreet",2,FALSE,FALSE,NA,NA
"21","Walmart's tech push continues https://t.co/om0aNMTOcv $WMT",FALSE,3,NA,2017-04-10 19:27:05,FALSE,NA,"851516905328451584",NA,"<a href=""http://www.socialflow.com"" rel=""nofollow"">SocialFlow</a>","TheStreet",4,FALSE,FALSE,NA,NA
"22","Advertising, go figure. https://t.co/GZkM9TwFwX",FALSE,0,NA,2017-04-10 19:18:05,FALSE,NA,"851514640324583424",NA,"<a href=""http://www.socialflow.com"" rel=""nofollow"">SocialFlow</a>","TheStreet",0,FALSE,FALSE,NA,NA
"23","Let's take a look at several stocks that could experience big short squeezes when they report earnings this week https://t.co/jMvZVunQo0",FALSE,2,NA,2017-04-10 19:06:06,FALSE,NA,"851511625551159296",NA,"<a href=""http://www.socialflow.com"" rel=""nofollow"">SocialFlow</a>","TheStreet",2,FALSE,FALSE,NA,NA
"24","From our April #TradingStrategies roundtable featuring Jim Cramer &amp; a table of experts https://t.co/65wofWtyMb",FALSE,1,NA,2017-04-10 18:55:08,FALSE,NA,"851508863945854976",NA,"<a href=""http://www.socialflow.com"" rel=""nofollow"">SocialFlow</a>","TheStreet",1,FALSE,FALSE,NA,NA
"25","Tax reform may be farther off than you think: https://t.co/o0DGe989mw https://t.co/TaWceXY4rd",FALSE,5,NA,2017-04-10 18:49:04,FALSE,NA,"851507337088999424",NA,"<a href=""https://studio.twitter.com"" rel=""nofollow"">Media Studio</a>","TheStreet",5,FALSE,FALSE,NA,NA
"26","The Galaxy S8 will cost $750 and the S8 Plus will cost $850 https://t.co/vL2X0N8A7o $AAPL",FALSE,3,NA,2017-04-10 18:43:06,FALSE,NA,"851505839403827205",NA,"<a href=""http://www.socialflow.com"" rel=""nofollow"">SocialFlow</a>","TheStreet",1,FALSE,FALSE,NA,NA
"27",".@jimcramer previews first-quarter earnings &amp; discusses Monday's trending stocks https://t.co/HPC3GNlday",FALSE,2,NA,2017-04-10 18:33:08,FALSE,NA,"851503328790020097",NA,"<a href=""http://www.socialflow.com"" rel=""nofollow"">SocialFlow</a>","TheStreet",2,FALSE,FALSE,NA,NA
"28","Hostess has released carrot cake flavored mini donuts for the first time https://t.co/rZehqv4RiN $TWNK",FALSE,3,NA,2017-04-10 18:24:03,FALSE,NA,"851501043238277120",NA,"<a href=""http://www.socialflow.com"" rel=""nofollow"">SocialFlow</a>","TheStreet",2,FALSE,FALSE,NA,NA
"29","Why Tesla shares could continue to defy gravity https://t.co/p8rrUNudN7 https://t.co/XqJFAl21YD",FALSE,5,NA,2017-04-10 18:22:05,FALSE,NA,"851500549308432384",NA,"<a href=""https://dlvrit.com/"" rel=""nofollow"">dlvr.it</a>","TheStreet",1,FALSE,FALSE,NA,NA
"30","New York is the first state to offer free 4 Year college tuition: https://t.co/z1H88VZnd0 https://t.co/dzXflH5DhZ",FALSE,7,NA,2017-04-10 18:14:01,FALSE,NA,"851498519986749440",NA,"<a href=""https://studio.twitter.com"" rel=""nofollow"">Media Studio</a>","TheStreet",6,FALSE,FALSE,NA,NA
"31","There are people injured following an active shooter at the North Park Elementary School in San Bernardino, CA https://t.co/cWgDPBV9Ds",FALSE,1,NA,2017-04-10 18:00:40,FALSE,NA,"851495157866409984",NA,"<a href=""http://www.socialflow.com"" rel=""nofollow"">SocialFlow</a>","TheStreet",3,FALSE,FALSE,NA,NA
"32","$CVX has been moving sideways to lower since the late January breakdown https://t.co/hbPXrRD1Gd",FALSE,8,NA,2017-04-10 17:58:02,FALSE,NA,"851494497422848003",NA,"<a href=""http://www.socialflow.com"" rel=""nofollow"">SocialFlow</a>","TheStreet",3,FALSE,FALSE,NA,NA
"33","The stock's appreciation goes hand-in-hand with its Prime membership growth https://t.co/s7IQp5cQmM $AMZN",FALSE,1,NA,2017-04-10 17:43:04,FALSE,NA,"851490729214062593",NA,"<a href=""http://www.socialflow.com"" rel=""nofollow"">SocialFlow</a>","TheStreet",1,FALSE,FALSE,NA,NA
"34","""failed shareholders miserably"" is never a fun quote https://t.co/hjJR5LHxFx $RCII",FALSE,2,NA,2017-04-10 17:32:39,FALSE,NA,"851488108591841280",NA,"<a href=""http://www.socialflow.com"" rel=""nofollow"">SocialFlow</a>","TheStreet",0,FALSE,FALSE,NA,NA
"35","These Are the 25 Highest Paying Jobs in America https://t.co/iGHd4P1xbs https://t.co/8w0dBVni7t",FALSE,6,NA,2017-04-10 17:31:09,FALSE,NA,"851487728600358912",NA,"<a href=""https://dlvrit.com/"" rel=""nofollow"">dlvr.it</a>","TheStreet",3,FALSE,FALSE,NA,NA
"36",".@jimcramer on the Wells Fargo board clawing back $28 million from John Stumpf: https://t.co/94lMRrQuMI $WFC https://t.co/4R6HFU4ot9",FALSE,1,NA,2017-04-10 17:14:04,FALSE,NA,"851483430093078528",NA,"<a href=""https://studio.twitter.com"" rel=""nofollow"">Media Studio</a>","TheStreet",2,FALSE,FALSE,NA,NA
"37","Rent-A-Center's New Plan Doesn't Appease Activist https://t.co/MBkdhEakfg https://t.co/1jluCvz1ru",FALSE,0,NA,2017-04-10 17:12:11,FALSE,NA,"851482956468076544",NA,"<a href=""https://dlvrit.com/"" rel=""nofollow"">dlvr.it</a>","TheStreet",2,FALSE,FALSE,NA,NA
"38","Southwest benefits from several tailwinds that you should keep in mind https://t.co/6SmiiGDrxp",FALSE,2,NA,2017-04-10 17:02:07,FALSE,NA,"851480422332723201",NA,"<a href=""http://www.socialflow.com"" rel=""nofollow"">SocialFlow</a>","TheStreet",3,FALSE,FALSE,NA,NA
"39","The expected launch of the Apple Watch 3 later this year has already captured media attention: https://t.co/xRouxFktlx",FALSE,2,NA,2017-04-10 16:51:06,FALSE,NA,"851477653261602822",NA,"<a href=""http://www.socialflow.com"" rel=""nofollow"">SocialFlow</a>","TheStreet",1,FALSE,FALSE,NA,NA
"40","Now middle class families earning $125,000 or less can get free four-year college tuition in New York https://t.co/SNpTOT4OxU",FALSE,5,NA,2017-04-10 16:46:03,FALSE,NA,"851476382693691392",NA,"<a href=""http://www.socialflow.com"" rel=""nofollow"">SocialFlow</a>","TheStreet",4,FALSE,FALSE,NA,NA
"41","Stocks Lose Gains as Banks Fall Ahead of First-Quarter Earnings https://t.co/ksYWumxkct https://t.co/26zORbJbVB",FALSE,3,NA,2017-04-10 16:38:12,FALSE,NA,"851474404118675456",NA,"<a href=""https://dlvrit.com/"" rel=""nofollow"">dlvr.it</a>","TheStreet",4,FALSE,FALSE,NA,NA
"42",".@TheSharkDaymond on the biggest mistakes entrepreneurs make: https://t.co/CVsfxJjnCu https://t.co/SimVBElCid",FALSE,57,NA,2017-04-10 16:32:04,FALSE,NA,"851472862812585984",NA,"<a href=""https://studio.twitter.com"" rel=""nofollow"">Media Studio</a>","TheStreet",37,FALSE,FALSE,NA,NA
"43","Here's a collection of some of the internet's most memorable brands that are now defunct: https://t.co/pGGCQgGcXn",FALSE,6,NA,2017-04-10 16:22:05,FALSE,NA,"851470349006983168",NA,"<a href=""http://www.socialflow.com"" rel=""nofollow"">SocialFlow</a>","TheStreet",7,FALSE,FALSE,NA,NA
"44","AMC Networks stock slides: https://t.co/NlpMQNCmBA $AMCX https://t.co/YOo9yCCn4B",FALSE,1,NA,2017-04-10 16:14:05,FALSE,NA,"851468337468985344",NA,"<a href=""https://studio.twitter.com"" rel=""nofollow"">Media Studio</a>","TheStreet",3,FALSE,FALSE,NA,NA
"45","The company still hasn't been sold, or done a major acquisition https://t.co/JuNhzBFTBC $MDLX",FALSE,0,NA,2017-04-10 16:12:32,FALSE,NA,"851467944584523776",NA,"<a href=""http://www.socialflow.com"" rel=""nofollow"">SocialFlow</a>","TheStreet",1,FALSE,FALSE,NA,NA
"46","The bank's board said Monday that it would claw back an additional $28 million of pay from Stumpf https://t.co/yUpLxlAX2A $WFC",FALSE,0,NA,2017-04-10 16:04:09,FALSE,NA,"851465834782494720",NA,"<a href=""http://www.socialflow.com"" rel=""nofollow"">SocialFlow</a>","TheStreet",2,FALSE,FALSE,NA,NA
"47","Midday Report: Piper Jaffray Drives Tesla Higher; Consumer, Energy Boost U.S. Stocks https://t.co/8jCw8a00JN… https://t.co/DaKqTUkssv",FALSE,6,NA,2017-04-10 16:03:18,TRUE,NA,"851465621208350720",NA,"<a href=""https://dlvrit.com/"" rel=""nofollow"">dlvr.it</a>","TheStreet",2,FALSE,FALSE,NA,NA
"48","Traditional car companies Ford and General Motors are beating out high-tech companies like Tesla: https://t.co/HUeUjkDLS3",FALSE,1,NA,2017-04-10 15:51:04,FALSE,NA,"851462543050756098",NA,"<a href=""http://www.socialflow.com"" rel=""nofollow"">SocialFlow</a>","TheStreet",5,FALSE,FALSE,NA,NA
"49","Democrats had opposed to Gorsuch's appointment https://t.co/nP44xcDut8",FALSE,1,NA,2017-04-10 15:41:19,FALSE,NA,"851460091807006720",NA,"<a href=""http://www.socialflow.com"" rel=""nofollow"">SocialFlow</a>","TheStreet",0,FALSE,FALSE,NA,NA
"50","Trump Tax Overhaul Probably Won't Be Done By August https://t.co/ME0nelE6Lz https://t.co/9eUJOwRtK8",FALSE,2,NA,2017-04-10 15:31:17,FALSE,NA,"851457566190182401",NA,"<a href=""https://dlvrit.com/"" rel=""nofollow"">dlvr.it</a>","TheStreet",1,FALSE,FALSE,NA,NA
"51","Wells Fargo accounts probe lets board off much easier than proxy firms https://t.co/be8RIFctcl https://t.co/fzgC6PPife",FALSE,0,NA,2017-04-10 15:28:09,FALSE,NA,"851456774766944256",NA,"<a href=""https://dlvrit.com/"" rel=""nofollow"">dlvr.it</a>","TheStreet",4,FALSE,FALSE,NA,NA
"52","TV as we've always known it might be about to change: https://t.co/9IsEs51x3Q",FALSE,2,NA,2017-04-10 15:22:04,FALSE,NA,"851455243917418499",NA,"<a href=""http://www.socialflow.com"" rel=""nofollow"">SocialFlow</a>","TheStreet",2,FALSE,FALSE,NA,NA
"53","Toyota invests $1.33B in a Kentucky plant: https://t.co/bpi4BF7CuG https://t.co/nIOvyOkknd",FALSE,3,NA,2017-04-10 15:19:05,FALSE,NA,"851454493891809280",NA,"<a href=""https://studio.twitter.com"" rel=""nofollow"">Media Studio</a>","TheStreet",4,FALSE,FALSE,NA,NA
"54","Cohn thinks America's financial institutions should separate their consumer-lending businesses &amp; investment banks: https://t.co/2Ge7q7cEcn",FALSE,6,NA,2017-04-10 15:05:04,FALSE,NA,"851450968038404096",NA,"<a href=""http://www.socialflow.com"" rel=""nofollow"">SocialFlow</a>","TheStreet",2,FALSE,FALSE,NA,NA
"55","Trump is about to get a new 'beast' to cruise around town in https://t.co/WUqiSFFd3N",FALSE,0,NA,2017-04-10 14:57:03,FALSE,NA,"851448952096522241",NA,"<a href=""http://www.socialflow.com"" rel=""nofollow"">SocialFlow</a>","TheStreet",2,FALSE,FALSE,NA,NA
"56","5 things you need to know about the IRS audit process https://t.co/IzLk8lWXpg https://t.co/IlhgYJ83HZ",FALSE,0,NA,2017-04-10 14:52:12,FALSE,NA,"851447729448394752",NA,"<a href=""https://dlvrit.com/"" rel=""nofollow"">dlvr.it</a>","TheStreet",1,FALSE,FALSE,NA,NA
"57","The news may come as a surprise to some shareholders https://t.co/PDVWTnOEpz $AXON",FALSE,2,NA,2017-04-10 14:46:06,FALSE,NA,"851446193838227456",NA,"<a href=""http://www.socialflow.com"" rel=""nofollow"">SocialFlow</a>","TheStreet",2,FALSE,FALSE,NA,NA
"58","Tesla's takeover of the headlines in the auto industry continues https://t.co/820eqfM407 $TSLA",FALSE,6,NA,2017-04-10 14:34:06,FALSE,NA,"851443173385789440",NA,"<a href=""http://www.socialflow.com"" rel=""nofollow"">SocialFlow</a>","TheStreet",7,FALSE,FALSE,NA,NA
"59","Wells Fargo's board has clawed back an additional $28 million in incentive pay from former CEO John Stumpf https://t.co/1JEz72VPSF $WFC",FALSE,4,NA,2017-04-10 14:29:02,FALSE,NA,"851441900028653568",NA,"<a href=""http://www.socialflow.com"" rel=""nofollow"">SocialFlow</a>","TheStreet",4,FALSE,FALSE,NA,NA
"60","Delta fed doubts last week, reporting that first-quarter passenger revenue per available seat mile declined 0.5% https://t.co/I2m96tryMx",FALSE,1,NA,2017-04-10 14:14:01,FALSE,NA,"851438118855159811",NA,"<a href=""http://www.socialflow.com"" rel=""nofollow"">SocialFlow</a>","TheStreet",0,FALSE,FALSE,NA,NA
"61","Google denies labor department's gender pay gap allegations: https://t.co/cnVZiN2SYL $GOOGL https://t.co/wdceysfbyc",FALSE,3,NA,2017-04-10 14:04:03,FALSE,NA,"851435611797864449",NA,"<a href=""https://studio.twitter.com"" rel=""nofollow"">Media Studio</a>","TheStreet",4,FALSE,FALSE,NA,NA
"62","LIVE on #Periscope: Get an early jump on earnings @JimCramer looks ahead w/ @ScottGamm: https://t.co/3kFf5iF83e… https://t.co/bMQTqIbzId",FALSE,20,NA,2017-04-10 14:01:16,FALSE,NA,"851434911378677760",NA,"<a href=""http://twitter.com/#!/download/ipad"" rel=""nofollow"">Twitter for iPad</a>","TheStreet",9,FALSE,FALSE,NA,NA
"63","Ex-Wells Fargo execs lose $75 million more in fake accounts fallout https://t.co/j3btqrZQQx https://t.co/SLkyNTyNNX",FALSE,0,NA,2017-04-10 13:57:13,FALSE,NA,"851433892238180352",NA,"<a href=""https://dlvrit.com/"" rel=""nofollow"">dlvr.it</a>","TheStreet",5,FALSE,FALSE,NA,NA
"64","Gold is going higher so let's check the charts https://t.co/Kj1aR3Ekd8",FALSE,9,NA,2017-04-10 13:42:05,FALSE,NA,"851430083961212928",NA,"<a href=""http://www.socialflow.com"" rel=""nofollow"">SocialFlow</a>","TheStreet",5,FALSE,FALSE,NA,NA
"65","S&amp;P 500 Inches Higher as Worries Over Syria Rise https://t.co/0MVuN5e0Vr https://t.co/CsekieLuW1",FALSE,0,NA,2017-04-10 13:39:59,FALSE,NA,"851429555973652484",NA,"<a href=""https://dlvrit.com/"" rel=""nofollow"">dlvr.it</a>","TheStreet",1,FALSE,FALSE,NA,NA
"66","@JayseDavid Also, if you are interested, we would love to do a quick interview with you",FALSE,0,"JayseDavid",2017-04-10 13:28:12,FALSE,NA,"851426591360110592","919961166","<a href=""http://twitter.com"" rel=""nofollow"">Twitter Web Client</a>","TheStreet",0,FALSE,FALSE,NA,NA
"67","@JayseDavid We're reporting on the United incident &amp; would like to get your permission to include the video you tweeted into our coverage",FALSE,0,"JayseDavid",2017-04-10 13:27:36,FALSE,NA,"851426439882825729","919961166","<a href=""http://twitter.com"" rel=""nofollow"">Twitter Web Client</a>","TheStreet",0,FALSE,FALSE,NA,NA
"68","We're turning to a new list of ""Rocket Stocks"" that look primed to outperform https://t.co/hNUrOUtmWc",FALSE,2,NA,2017-04-10 13:24:04,FALSE,NA,"851425549813764096",NA,"<a href=""http://www.socialflow.com"" rel=""nofollow"">SocialFlow</a>","TheStreet",2,FALSE,FALSE,NA,NA
"69","Three 29-year-old friends took the risk of their lives and now New York City is reaping the delicious rewards: https://t.co/SknwlzRaPk",FALSE,1,NA,2017-04-10 13:22:04,FALSE,NA,"851425044597264386",NA,"<a href=""http://www.socialflow.com"" rel=""nofollow"">SocialFlow</a>","TheStreet",3,FALSE,FALSE,NA,NA
"70","Love or hate him, Sergio Garcia deserves some applause for winning his first Masters on Sunday https://t.co/2Tqgxt2NY6",FALSE,10,NA,2017-04-10 13:18:36,FALSE,NA,"851424176099426305",NA,"<a href=""http://www.socialflow.com"" rel=""nofollow"">SocialFlow</a>","TheStreet",6,FALSE,FALSE,NA,NA
"71","President Trump is about to get a new car to cruise around town in: https://t.co/giqTUD9sxH",FALSE,2,NA,2017-04-10 12:53:06,FALSE,NA,"851417757736456213",NA,"<a href=""http://www.socialflow.com"" rel=""nofollow"">SocialFlow</a>","TheStreet",3,FALSE,FALSE,NA,NA
"72","The CEO of Vornado Realty Trust confirmed the obvious in his annual shareholder letter: https://t.co/us5JboRgHV",FALSE,2,NA,2017-04-10 12:25:03,FALSE,NA,"851410699482013702",NA,"<a href=""http://www.socialflow.com"" rel=""nofollow"">SocialFlow</a>","TheStreet",6,FALSE,FALSE,NA,NA
"73","Stock Futures Move Slightly Higher as Geopolitical Tensions Rise https://t.co/bk6NPdwLO9 https://t.co/kcz5GsYTnM",FALSE,2,NA,2017-04-10 11:57:08,FALSE,NA,"851403672693096448",NA,"<a href=""https://dlvrit.com/"" rel=""nofollow"">dlvr.it</a>","TheStreet",1,FALSE,FALSE,NA,NA
"74","Who said Lamborghini could just make mind-blowing supercars? https://t.co/cby9MNBx3j",FALSE,4,NA,2017-04-10 11:53:04,FALSE,NA,"851402651199819776",NA,"<a href=""http://www.socialflow.com"" rel=""nofollow"">SocialFlow</a>","TheStreet",3,FALSE,FALSE,NA,NA
"75","Just how bad was the U.S. Jobs report released last Friday? You have to put it in perspective: https://t.co/VBOjyOaWUa",FALSE,3,NA,2017-04-10 11:32:05,FALSE,NA,"851397369870548996",NA,"<a href=""http://www.socialflow.com"" rel=""nofollow"">SocialFlow</a>","TheStreet",2,FALSE,FALSE,NA,NA
"76","Under Armour is banking on Dwayne ""The Rock"" Johnson's ability to sell clothes: https://t.co/dbradFDCVI",FALSE,5,NA,2017-04-10 11:23:04,FALSE,NA,"851395100760567808",NA,"<a href=""http://www.socialflow.com"" rel=""nofollow"">SocialFlow</a>","TheStreet",4,FALSE,FALSE,NA,NA
"77","The wags on Wall Street are starting to refer to Donald Trump as ""President Chaos."" https://t.co/5gr43Tlxsi",FALSE,2,NA,2017-04-10 11:16:04,FALSE,NA,"851393339584905216",NA,"<a href=""http://www.socialflow.com"" rel=""nofollow"">SocialFlow</a>","TheStreet",3,FALSE,FALSE,NA,NA
"78","The time has come. Central bank officials feel it is appropriate to tackle the Fed's $4.5tn balance sheet this year: https://t.co/p3nRtM0CV8",FALSE,3,NA,2017-04-10 11:06:05,FALSE,NA,"851390826500558848",NA,"<a href=""http://www.socialflow.com"" rel=""nofollow"">SocialFlow</a>","TheStreet",1,FALSE,FALSE,NA,NA
"79","Geopolitical tensions make Wall Street nervous. This is what you need to know before the opening bell: https://t.co/jLCrPGUBoU",FALSE,0,NA,2017-04-10 11:00:04,FALSE,NA,"851389312801419268",NA,"<a href=""http://www.socialflow.com"" rel=""nofollow"">SocialFlow</a>","TheStreet",4,FALSE,FALSE,NA,NA
"80","Want to know what Stephen Bannon was like at Goldman Sachs? @Scaramucci used to work for the man who hired Bannon: https://t.co/iLWyPAn1Mf",FALSE,9,NA,2017-04-10 10:54:05,FALSE,NA,"851387805670539265",NA,"<a href=""http://www.socialflow.com"" rel=""nofollow"">SocialFlow</a>","TheStreet",2,FALSE,FALSE,NA,NA
"81","Ex-Obama adviser Austan Goolsbee says there's a decent chance of a government shutdown: https://t.co/egS4QXA68j",FALSE,5,NA,2017-04-10 10:44:02,FALSE,NA,"851385276995862529",NA,"<a href=""http://www.socialflow.com"" rel=""nofollow"">SocialFlow</a>","TheStreet",3,FALSE,FALSE,NA,NA
"82","TheStreet's Action Alerts PLUS Portfolio Manager Jim Cramer breaks down trending stocks: https://t.co/06IU0xzDJc",FALSE,6,NA,2017-04-10 10:33:03,FALSE,NA,"851382512861499392",NA,"<a href=""http://www.socialflow.com"" rel=""nofollow"">SocialFlow</a>","TheStreet",2,FALSE,FALSE,NA,NA
"83","Those old school Ford Crown Victoria police cars never seemed more outdated: https://t.co/hkH47NBxqz",FALSE,4,NA,2017-04-10 10:22:02,FALSE,NA,"851379741449912323",NA,"<a href=""http://www.socialflow.com"" rel=""nofollow"">SocialFlow</a>","TheStreet",2,FALSE,FALSE,NA,NA
"84","This is the anti-Monkees market: https://t.co/Y0GmrnOOEB",FALSE,0,NA,2017-04-10 09:51:03,FALSE,NA,"851371941508390912",NA,"<a href=""http://www.socialflow.com"" rel=""nofollow"">SocialFlow</a>","TheStreet",1,FALSE,FALSE,NA,NA
"85","The level of borrowing is creeping back toward its pre-crisis peak: https://t.co/ayaR7r5TDV",FALSE,12,NA,2017-04-09 15:22:04,FALSE,NA,"851092859105226752",NA,"<a href=""http://www.socialflow.com"" rel=""nofollow"">SocialFlow</a>","TheStreet",10,FALSE,FALSE,NA,NA
"86","Advertisers are fleeing Fox's 'The O'Reilly Factor': https://t.co/WqxRpwIF7K https://t.co/Y3ijtBBu3L",FALSE,11,NA,2017-04-09 14:02:02,FALSE,NA,"851072718778777600",NA,"<a href=""https://studio.twitter.com"" rel=""nofollow"">Media Studio</a>","TheStreet",5,FALSE,FALSE,NA,NA
"87","5 things you must know before the market opens Friday https://t.co/fB5uoc8O6B #StockAction",FALSE,7,NA,2017-04-09 12:06:08,FALSE,NA,"851043551240527872",NA,"<a href=""https://dlvrit.com/"" rel=""nofollow"">dlvr.it</a>","TheStreet",6,FALSE,FALSE,NA,NA
"88","Is the Trump Administration bringing back Glass-Steagall? https://t.co/yM3vn4WEIE https://t.co/312E4p08ot",FALSE,15,NA,2017-04-09 03:37:01,FALSE,NA,"850915426649358337",NA,"<a href=""https://studio.twitter.com"" rel=""nofollow"">Media Studio</a>","TheStreet",21,FALSE,FALSE,NA,NA
"89","The caution comes as the government is starting to accept employers' H-1B visa requests for the next fiscal year https://t.co/wDk7CK48KC",FALSE,3,NA,2017-04-09 02:15:02,FALSE,NA,"850894794092154881",NA,"<a href=""http://www.socialflow.com"" rel=""nofollow"">SocialFlow</a>","TheStreet",6,FALSE,FALSE,NA,NA
"90",".@TheSharkDaymond on what Millennials want: https://t.co/ddjovdCqdO https://t.co/skoNiSN6tm",FALSE,18,NA,2017-04-09 01:36:04,FALSE,NA,"850884988467728384",NA,"<a href=""https://studio.twitter.com"" rel=""nofollow"">Media Studio</a>","TheStreet",10,FALSE,FALSE,NA,NA
"91","""There are rumors and there is reality, and we are focusing on the reality"" https://t.co/BrRKr8OgZp $M",FALSE,4,NA,2017-04-09 00:25:04,FALSE,NA,"850867120674140161",NA,"<a href=""http://www.socialflow.com"" rel=""nofollow"">SocialFlow</a>","TheStreet",5,FALSE,FALSE,NA,NA
"92","Coach names former Bergdorf President new brand CEO: https://t.co/nD3FdXGwWO $COH https://t.co/iCFrpZK83w",FALSE,2,NA,2017-04-08 23:08:05,FALSE,NA,"850847746340802562",NA,"<a href=""https://studio.twitter.com"" rel=""nofollow"">Media Studio</a>","TheStreet",3,FALSE,FALSE,NA,NA
"93","True to form, it looks like Under Armour founder Kevin Plank &amp; his team made a full court press to score a big deal: https://t.co/gzzUsuN2zS",FALSE,4,NA,2017-04-08 22:17:03,FALSE,NA,"850834905718296577",NA,"<a href=""http://www.socialflow.com"" rel=""nofollow"">SocialFlow</a>","TheStreet",4,FALSE,FALSE,NA,NA
"94","Facebook &amp; Mozilla are among a consortium of companies launching a $14 million non-profit: https://t.co/Fmq4WZZyvP",FALSE,4,NA,2017-04-08 21:21:04,FALSE,NA,"850820814568128514",NA,"<a href=""http://www.socialflow.com"" rel=""nofollow"">SocialFlow</a>","TheStreet",3,FALSE,FALSE,NA,NA
"95","Which public companies are the most reliant on Apple? https://t.co/cm75NlX8xi $AAPL https://t.co/suJE5zIOJP",FALSE,12,NA,2017-04-08 20:38:04,FALSE,NA,"850809993603407872",NA,"<a href=""https://studio.twitter.com"" rel=""nofollow"">Media Studio</a>","TheStreet",9,FALSE,FALSE,NA,NA
"96","Amazon could join Apple as some day boasting a market cap of a trillion dollars (or more): https://t.co/xUJjiwH77S",FALSE,14,NA,2017-04-08 19:16:08,FALSE,NA,"850789375680139266",NA,"<a href=""http://www.socialflow.com"" rel=""nofollow"">SocialFlow</a>","TheStreet",8,FALSE,FALSE,NA,NA
"97","McKinsey Global Institute predicts that the shortage in the U.S. could increase to 250,000 data scientists by 2024 https://t.co/POky5sX286",FALSE,7,NA,2017-04-08 18:39:03,FALSE,NA,"850780044217733121",NA,"<a href=""http://www.socialflow.com"" rel=""nofollow"">SocialFlow</a>","TheStreet",4,FALSE,FALSE,NA,NA
"98","The 5 best states for retirement: https://t.co/fJeg2tOtkr https://t.co/dVx0HZWGl1",FALSE,4,NA,2017-04-08 17:07:04,FALSE,NA,"850756893454630912",NA,"<a href=""https://studio.twitter.com"" rel=""nofollow"">Media Studio</a>","TheStreet",6,FALSE,FALSE,NA,NA
"99",".@TheSharkDaymond talks about the new way of doing business: https://t.co/8erimJluTw https://t.co/7DDKeICprQ",FALSE,8,NA,2017-04-08 16:52:03,FALSE,NA,"850753115854852096",NA,"<a href=""https://studio.twitter.com"" rel=""nofollow"">Media Studio</a>","TheStreet",10,FALSE,FALSE,NA,NA
"100","This week former J. Crew President Jenna Lyons exited the company after her 26 year stint https://t.co/cbQqNx5NYp",FALSE,4,NA,2017-04-08 16:45:07,FALSE,NA,"850751368256253952",NA,"<a href=""http://www.socialflow.com"" rel=""nofollow"">SocialFlow</a>","TheStreet",2,FALSE,FALSE,NA,NA
"101","Shopify raised its revenue guidance for fiscal 2017 -- from $120 million to $122 million https://t.co/6RZ6M2Zt4R $SHOP",FALSE,7,NA,2017-04-08 15:20:05,FALSE,NA,"850729971186376704",NA,"<a href=""http://www.socialflow.com"" rel=""nofollow"">SocialFlow</a>","TheStreet",4,FALSE,FALSE,NA,NA
"102","Is Wells Fargo's board spread too thin? https://t.co/Z6AhMEU3dS $WFC https://t.co/9A8BgJac64",FALSE,5,NA,2017-04-08 14:32:06,FALSE,NA,"850717893998198787",NA,"<a href=""https://studio.twitter.com"" rel=""nofollow"">Media Studio</a>","TheStreet",3,FALSE,FALSE,NA,NA
"103","Meet the ordinary people Vanguard's Jack Bogle made rich https://t.co/k6IB2DQn6g #StockAction",FALSE,12,NA,2017-04-08 12:01:37,FALSE,NA,"850680022998306819",NA,"<a href=""https://dlvrit.com/"" rel=""nofollow"">dlvr.it</a>","TheStreet",5,FALSE,FALSE,NA,NA
"104","It will be the first time Apple will use a curved OLED screen for its smartphones https://t.co/DhueA4G4Is $AAPL",FALSE,8,NA,2017-04-08 04:14:06,FALSE,NA,"850562370011373568",NA,"<a href=""http://www.socialflow.com"" rel=""nofollow"">SocialFlow</a>","TheStreet",7,FALSE,FALSE,NA,NA
"105","American Airlines' new basic economy fares are working as envisioned: https://t.co/YESebaN4Ug",FALSE,4,NA,2017-04-08 03:40:03,FALSE,NA,"850553800364609536",NA,"<a href=""http://www.socialflow.com"" rel=""nofollow"">SocialFlow</a>","TheStreet",4,FALSE,FALSE,NA,NA
"106",".@TheSharkDaymond on what Millennials want: https://t.co/ddjovdCqdO https://t.co/tROM0wl6Bh",FALSE,16,NA,2017-04-08 03:07:04,FALSE,NA,"850545502370189312",NA,"<a href=""https://studio.twitter.com"" rel=""nofollow"">Media Studio</a>","TheStreet",12,FALSE,FALSE,NA,NA
"107","Advertisers are fleeing Fox's 'The O'Reilly Factor': https://t.co/WqxRpwIF7K https://t.co/WpiUxG8vL3",FALSE,10,NA,2017-04-08 02:19:06,FALSE,NA,"850533430160785408",NA,"<a href=""https://studio.twitter.com"" rel=""nofollow"">Media Studio</a>","TheStreet",8,FALSE,FALSE,NA,NA
"108","Amazon CEO Jeff Bezos' net worth is skyrocketing https://t.co/gZllbUMgv7 $AMZN",FALSE,7,NA,2017-04-08 01:37:03,FALSE,NA,"850522846673735682",NA,"<a href=""http://www.socialflow.com"" rel=""nofollow"">SocialFlow</a>","TheStreet",8,FALSE,FALSE,NA,NA
"109","Flywheel Sports CEO: this is the area of fitness that's exploding right now: https://t.co/XJCE4wBFOG https://t.co/2TzH2wMcz8",FALSE,5,NA,2017-04-08 00:58:02,FALSE,NA,"850513027673710592",NA,"<a href=""https://studio.twitter.com"" rel=""nofollow"">Media Studio</a>","TheStreet",2,FALSE,FALSE,NA,NA
"110","It's never too early to start thinking about retirement https://t.co/SvtDtc37it",FALSE,6,NA,2017-04-08 00:04:07,FALSE,NA,"850499458307633152",NA,"<a href=""http://www.socialflow.com"" rel=""nofollow"">SocialFlow</a>","TheStreet",3,FALSE,FALSE,NA,NA
"111","Think of live sports streamed over the internet as a slow drip about to turn into a gushing waterfall https://t.co/5sttDnGDdk",FALSE,2,NA,2017-04-07 23:48:03,FALSE,NA,"850495415279656960",NA,"<a href=""http://www.socialflow.com"" rel=""nofollow"">SocialFlow</a>","TheStreet",5,FALSE,FALSE,NA,NA
"112",".@TheSharkDaymond talks about the new way of doing business: https://t.co/8erimJluTw https://t.co/7sLtHcAZpG",FALSE,5,NA,2017-04-07 23:13:04,FALSE,NA,"850486614111395840",NA,"<a href=""https://studio.twitter.com"" rel=""nofollow"">Media Studio</a>","TheStreet",2,FALSE,FALSE,NA,NA
"113","Coach names former Bergdorf President new brand CEO: https://t.co/nD3FdXGwWO  $COH https://t.co/cizTldz6u7",FALSE,2,NA,2017-04-07 22:45:05,FALSE,NA,"850479570037874688",NA,"<a href=""https://studio.twitter.com"" rel=""nofollow"">Media Studio</a>","TheStreet",0,FALSE,FALSE,NA,NA
"114","Disappointed by today's jobs report? Deutsche Bank says next month's gains of 200K will make up for it: https://t.co/1k35vsNEwL @JAYELANG",FALSE,2,NA,2017-04-07 22:12:12,FALSE,NA,"850471294785253376",NA,"<a href=""http://twitter.com"" rel=""nofollow"">Twitter Web Client</a>","TheStreet",2,FALSE,FALSE,NA,NA
"115","Domino's Pizza is on track to get even stronger over the next 18 months: https://t.co/fMsimJLRun",FALSE,6,NA,2017-04-07 22:03:03,FALSE,NA,"850468993014140928",NA,"<a href=""http://www.socialflow.com"" rel=""nofollow"">SocialFlow</a>","TheStreet",5,FALSE,FALSE,NA,NA
"116","Lululemon Adds Gap Veteran as Board Co-Chairman After Disastrous Quarter https://t.co/sW6LephRJn https://t.co/1OBVfvJyoS",FALSE,0,NA,2017-04-07 21:59:07,FALSE,NA,"850468003137241088",NA,"<a href=""https://dlvrit.com/"" rel=""nofollow"">dlvr.it</a>","TheStreet",3,FALSE,FALSE,NA,NA
"117","Is Wells Fargo's board spread too thin? https://t.co/Z6AhMEU3dS  $WFC https://t.co/lm7Czfli92",FALSE,0,NA,2017-04-07 21:59:03,FALSE,NA,"850467987354042368",NA,"<a href=""https://studio.twitter.com"" rel=""nofollow"">Media Studio</a>","TheStreet",2,FALSE,FALSE,NA,NA
"118","10 things we learned from our daily Facebook show with @jimcramer &amp; @scottgamm: https://t.co/4AhwXnvXzw",FALSE,2,NA,2017-04-07 21:58:06,FALSE,NA,"850467746026586114",NA,"<a href=""http://www.socialflow.com"" rel=""nofollow"">SocialFlow</a>","TheStreet",2,FALSE,FALSE,NA,NA
"119","The U.S. Bureau of Labor Statistics reported that 30,000 retail jobs were lost in March https://t.co/O8OKYG1TxU",FALSE,1,NA,2017-04-07 21:28:02,FALSE,NA,"850460180269723650",NA,"<a href=""http://www.socialflow.com"" rel=""nofollow"">SocialFlow</a>","TheStreet",7,FALSE,FALSE,NA,NA
"120","Is the Trump Administration bringing back Glass-Steagall? https://t.co/yM3vn4WEIE https://t.co/8NhOKgaWP4",FALSE,12,NA,2017-04-07 21:12:06,FALSE,NA,"850456172616335360",NA,"<a href=""https://studio.twitter.com"" rel=""nofollow"">Media Studio</a>","TheStreet",15,FALSE,FALSE,NA,NA
"121","Okta surges in IPO, but investors should be wary of Microsoft https://t.co/tKJLsVOXoZ https://t.co/4AgeMVCQyG",FALSE,2,NA,2017-04-07 20:52:09,FALSE,NA,"850451148272095232",NA,"<a href=""https://dlvrit.com/"" rel=""nofollow"">dlvr.it</a>","TheStreet",2,FALSE,FALSE,NA,NA
"122","ISS specifically targeted directors on Wells Fargo's audit, risk and human resources subcommittees https://t.co/bZkplAT0ad $WFC",FALSE,1,NA,2017-04-07 20:51:04,FALSE,NA,"850450876540104704",NA,"<a href=""http://www.socialflow.com"" rel=""nofollow"">SocialFlow</a>","TheStreet",4,FALSE,FALSE,NA,NA
"123","Will the improved smart watch win over many new buyers? https://t.co/LwTt7mHihG $AAPL",FALSE,4,NA,2017-04-07 20:43:02,FALSE,NA,"850448856689061889",NA,"<a href=""http://www.socialflow.com"" rel=""nofollow"">SocialFlow</a>","TheStreet",4,FALSE,FALSE,NA,NA
"124","In honor of some of your less thought-out, post-work adventures, here are 5 easy happy hour options https://t.co/KCStnvXQy4",FALSE,2,NA,2017-04-07 20:33:02,FALSE,NA,"850446341134274565",NA,"<a href=""http://www.socialflow.com"" rel=""nofollow"">SocialFlow</a>","TheStreet",3,FALSE,FALSE,NA,NA
"125","Will American fast-food chains in Russia lose sales because of geopolitical tension? https://t.co/qisKUOftPT",FALSE,3,NA,2017-04-07 20:22:07,FALSE,NA,"850443593265315842",NA,"<a href=""http://www.socialflow.com"" rel=""nofollow"">SocialFlow</a>","TheStreet",5,FALSE,FALSE,NA,NA
"126","Syrian Crisis and Jobs Disappointment Bombshells Make For a Rocky Day on Wall Street https://t.co/7cZeqtPb8Z https://t.co/t03iPNJ7zG",FALSE,3,NA,2017-04-07 20:19:06,FALSE,NA,"850442832468783104",NA,"<a href=""https://dlvrit.com/"" rel=""nofollow"">dlvr.it</a>","TheStreet",5,FALSE,FALSE,NA,NA
"127","Rabino and Braunstein launched Neversink in late 2013 with a focus on eaux de vie, or fruit brandies https://t.co/AaoaDTg1TJ",FALSE,4,NA,2017-04-07 20:13:07,FALSE,NA,"850441326957129728",NA,"<a href=""http://www.socialflow.com"" rel=""nofollow"">SocialFlow</a>","TheStreet",3,FALSE,FALSE,NA,NA
"128","The economy added 98,000 jobs in March, missing estimates of 175,000 https://t.co/yLkcBEz5UP",FALSE,6,NA,2017-04-07 20:02:05,FALSE,NA,"850438551347089409",NA,"<a href=""http://www.socialflow.com"" rel=""nofollow"">SocialFlow</a>","TheStreet",2,FALSE,FALSE,NA,NA
"129","Take an inside look at the small-batch distiller raising spirits at New York's top restaurants… https://t.co/UcihekFAk9",FALSE,2,NA,2017-04-07 20:01:05,TRUE,NA,"850438300410060800",NA,"<a href=""https://dlvrit.com/"" rel=""nofollow"">dlvr.it</a>","TheStreet",0,FALSE,FALSE,NA,NA
"130","Comcast's moves don't currently involve costly acquisitions, and overall don't seem that expensive to finance https://t.co/5acj4feRxz $CMCSA",FALSE,1,NA,2017-04-07 19:53:05,FALSE,NA,"850436284850089986",NA,"<a href=""http://www.socialflow.com"" rel=""nofollow"">SocialFlow</a>","TheStreet",1,FALSE,FALSE,NA,NA
"131","Any surprises will likely boost the company's share price https://t.co/tNSvfGwr1u $JPM",FALSE,3,NA,2017-04-07 19:48:07,FALSE,NA,"850435035199045632",NA,"<a href=""http://www.socialflow.com"" rel=""nofollow"">SocialFlow</a>","TheStreet",2,FALSE,FALSE,NA,NA
"132","The Dunkin' Donuts location had only opened a few weeks prior https://t.co/ZmHVwrzNlR $DNKN",FALSE,0,NA,2017-04-07 19:31:11,FALSE,NA,"850430774419521536",NA,"<a href=""http://www.socialflow.com"" rel=""nofollow"">SocialFlow</a>","TheStreet",2,FALSE,FALSE,NA,NA
"133","The account claims to be run by at least 1 current government employee https://t.co/vVQvV2efT1 $TWTR",FALSE,3,NA,2017-04-07 19:18:08,FALSE,NA,"850427491147796484",NA,"<a href=""http://www.socialflow.com"" rel=""nofollow"">SocialFlow</a>","TheStreet",3,FALSE,FALSE,NA,NA
"134","The increase brings the tally to 839 units https://t.co/w6KTp53it5 $BHI",FALSE,0,NA,2017-04-07 19:08:06,FALSE,NA,"850424964897538048",NA,"<a href=""http://www.socialflow.com"" rel=""nofollow"">SocialFlow</a>","TheStreet",1,FALSE,FALSE,NA,NA
"135","Acuity Brands is among the worst-hit stocks today https://t.co/QVAwclEq7a $AYI",FALSE,2,NA,2017-04-07 18:52:03,FALSE,NA,"850420924641939457",NA,"<a href=""http://www.socialflow.com"" rel=""nofollow"">SocialFlow</a>","TheStreet",2,FALSE,FALSE,NA,NA
"136","Netflix is the only company in the FANG group that should make investors uncomfortable https://t.co/9uKKVq36UZ $NFLX",FALSE,4,NA,2017-04-07 18:47:06,FALSE,NA,"850419679671746560",NA,"<a href=""http://www.socialflow.com"" rel=""nofollow"">SocialFlow</a>","TheStreet",2,FALSE,FALSE,NA,NA
"137","ISS specifically targeted directors on Wells Fargo's audit, risk and human resources subcommittees https://t.co/KccCVGDyAs $WFC",FALSE,4,NA,2017-04-07 18:34:03,FALSE,NA,"850416397104631809",NA,"<a href=""http://www.socialflow.com"" rel=""nofollow"">SocialFlow</a>","TheStreet",1,FALSE,FALSE,NA,NA
"138","On Friday, the European Commission approved Fox's $14.2 billion proposal https://t.co/5kGOvvAH59",FALSE,0,NA,2017-04-07 18:29:03,FALSE,NA,"850415139572547584",NA,"<a href=""http://www.socialflow.com"" rel=""nofollow"">SocialFlow</a>","TheStreet",2,FALSE,FALSE,NA,NA
"139","Identity software maker Okta shares surged following its debut on the Nasdaq Friday https://t.co/Zn1rtsD5G7 $OKTA",FALSE,0,NA,2017-04-07 18:17:04,FALSE,NA,"850412123951902720",NA,"<a href=""http://www.socialflow.com"" rel=""nofollow"">SocialFlow</a>","TheStreet",1,FALSE,FALSE,NA,NA
"140","Twitter has pulled its lawsuit against the U.S. government regarding the identity of an anti-Trump account https://t.co/ZFSC7ynLqv $TWTR",FALSE,5,NA,2017-04-07 18:03:07,FALSE,NA,"850408610991669248",NA,"<a href=""http://www.socialflow.com"" rel=""nofollow"">SocialFlow</a>","TheStreet",5,FALSE,FALSE,NA,NA
"141","Murdochs get European approval for Sky deal despite latest Fox News scandal https://t.co/dh5zmB6xe8 https://t.co/wx5YZf314C",FALSE,0,NA,2017-04-07 17:59:08,FALSE,NA,"850407608372428800",NA,"<a href=""https://dlvrit.com/"" rel=""nofollow"">dlvr.it</a>","TheStreet",1,FALSE,FALSE,NA,NA
"142","Will the improved smart watch win over many new buyers? https://t.co/ymBWy6DqcZ $AAPL",FALSE,0,NA,2017-04-07 17:53:03,FALSE,NA,"850406077267136513",NA,"<a href=""http://www.socialflow.com"" rel=""nofollow"">SocialFlow</a>","TheStreet",1,FALSE,FALSE,NA,NA
"143","However, he thinks Trump could come to the rescue to avoid a shutdown, which last occurred in October 2013 https://t.co/fgQ44qOcjr",FALSE,1,NA,2017-04-07 17:47:05,FALSE,NA,"850404575647600640",NA,"<a href=""http://www.socialflow.com"" rel=""nofollow"">SocialFlow</a>","TheStreet",0,FALSE,FALSE,NA,NA
"144","Will American fast-food chains in Russia lose sales because of geopolitical tension? https://t.co/2GFR6eAWju",FALSE,3,NA,2017-04-07 17:36:06,FALSE,NA,"850401811668357122",NA,"<a href=""http://www.socialflow.com"" rel=""nofollow"">SocialFlow</a>","TheStreet",0,FALSE,FALSE,NA,NA
"145","The U.S. Bureau of Labor Statistics reported that 30,000 retail jobs were lost in March https://t.co/UlPefdkHLY",FALSE,4,NA,2017-04-07 17:24:47,FALSE,NA,"850398964914556928",NA,"<a href=""http://www.socialflow.com"" rel=""nofollow"">SocialFlow</a>","TheStreet",4,FALSE,FALSE,NA,NA
"146","Take-Two is an emerging company with its share of positives and negatives https://t.co/tgg5Xq2TI8 $TTWO",FALSE,4,NA,2017-04-07 17:16:02,FALSE,NA,"850396763500548098",NA,"<a href=""http://www.socialflow.com"" rel=""nofollow"">SocialFlow</a>","TheStreet",3,FALSE,FALSE,NA,NA
"147","The economy added 98,000 jobs in March, missing estimates of 175,000 https://t.co/Dzz3S6hhtZ",FALSE,2,NA,2017-04-07 17:08:32,FALSE,NA,"850394875891781634",NA,"<a href=""http://www.socialflow.com"" rel=""nofollow"">SocialFlow</a>","TheStreet",3,FALSE,FALSE,NA,NA
"148","Comcast's moves don't currently involve costly acquisitions, and overall don't seem that expensive to finance https://t.co/bTxB0UoemR $CMCSA",FALSE,0,NA,2017-04-07 16:53:03,FALSE,NA,"850390980343812096",NA,"<a href=""http://www.socialflow.com"" rel=""nofollow"">SocialFlow</a>","TheStreet",3,FALSE,FALSE,NA,NA
"149","Any surprises will likely boost the company's share price https://t.co/cBteVG4jbC $JPM",FALSE,3,NA,2017-04-07 16:45:08,FALSE,NA,"850388987755802624",NA,"<a href=""http://www.socialflow.com"" rel=""nofollow"">SocialFlow</a>","TheStreet",1,FALSE,FALSE,NA,NA
"150","Midday Report: Raytheon, Lockheed Martin Rise After Syria Attack; Big Miss on March Jobs https://t.co/oP2krVXNrH… https://t.co/esbPq7Kgcf",FALSE,2,NA,2017-04-07 16:36:11,TRUE,NA,"850386733858344960",NA,"<a href=""https://dlvrit.com/"" rel=""nofollow"">dlvr.it</a>","TheStreet",1,FALSE,FALSE,NA,NA
"151","Netflix is the only company in the FANG group that should make investors uncomfortable https://t.co/JISQP5qE00 $NFLX",FALSE,4,NA,2017-04-07 16:33:08,FALSE,NA,"850385965667557376",NA,"<a href=""http://www.socialflow.com"" rel=""nofollow"">SocialFlow</a>","TheStreet",2,FALSE,FALSE,NA,NA
"152","Comcast's (and other cable firms') desperation could make things tough for T-Mobile and Sprint… https://t.co/JA3bLcQsFP",FALSE,0,NA,2017-04-07 16:28:13,TRUE,NA,"850384728272248833",NA,"<a href=""https://dlvrit.com/"" rel=""nofollow"">dlvr.it</a>","TheStreet",0,FALSE,FALSE,NA,NA
"153",".@ScottGamm asks for @jimcramer's thoughts on Incyte: https://t.co/Fbwng4GfSX $INCY https://t.co/bb2R4HUtTN",FALSE,17,NA,2017-04-07 16:27:04,FALSE,NA,"850384437963407362",NA,"<a href=""https://studio.twitter.com"" rel=""nofollow"">Media Studio</a>","TheStreet",11,FALSE,FALSE,NA,NA
"154","Missile strikes in Syria shook investors for a second, but they're not running for the hills https://t.co/BJvP6VKCye",FALSE,1,NA,2017-04-07 16:19:02,FALSE,NA,"850382417609330688",NA,"<a href=""http://www.socialflow.com"" rel=""nofollow"">SocialFlow</a>","TheStreet",2,FALSE,FALSE,NA,NA
"155","Ride-sharing services like Uber and Lyft are fueling a surge in demand for real estate in certain areas: https://t.co/AIMoiPNHM0",FALSE,1,NA,2017-04-07 12:52:03,FALSE,NA,"850330328094961665",NA,"<a href=""http://www.socialflow.com"" rel=""nofollow"">SocialFlow</a>","TheStreet",2,FALSE,FALSE,NA,NA
"156","AT&amp;T was the top loser in the S&amp;P 500 on Thursday: https://t.co/oj4qBbGZnl",FALSE,1,NA,2017-04-07 12:41:04,FALSE,NA,"850327564744785920",NA,"<a href=""http://www.socialflow.com"" rel=""nofollow"">SocialFlow</a>","TheStreet",1,FALSE,FALSE,NA,NA
"157","No doubt about it, three full months into 2017, and this year is shaping up to be a ""stock picker's market."" https://t.co/YVSMIkU1du",FALSE,0,NA,2017-04-07 12:31:03,FALSE,NA,"850325042676330497",NA,"<a href=""http://www.socialflow.com"" rel=""nofollow"">SocialFlow</a>","TheStreet",2,FALSE,FALSE,NA,NA
"158","Central bank officials feel it is appropriate to tackle the Fed's $4.5 trillion balance sheet this year: https://t.co/xLtFhPJ4tY",FALSE,2,NA,2017-04-07 12:21:03,FALSE,NA,"850322527234797569",NA,"<a href=""http://www.socialflow.com"" rel=""nofollow"">SocialFlow</a>","TheStreet",4,FALSE,FALSE,NA,NA
"159","An eveningstar reversal pattern has formed on Amazon's daily chart: https://t.co/8GANuIHtpJ",FALSE,3,NA,2017-04-07 12:13:05,FALSE,NA,"850320524584660992",NA,"<a href=""http://www.socialflow.com"" rel=""nofollow"">SocialFlow</a>","TheStreet",4,FALSE,FALSE,NA,NA
"160","5 things you must know before the market opens Thursday https://t.co/F0NJ5OcIOQ #StockAction",FALSE,4,NA,2017-04-07 12:03:53,FALSE,NA,"850318205658603521",NA,"<a href=""https://dlvrit.com/"" rel=""nofollow"">dlvr.it</a>","TheStreet",3,FALSE,FALSE,NA,NA
"161","The global stock market rally remains in place: https://t.co/lQYmkv0uiu",FALSE,2,NA,2017-04-07 12:02:02,FALSE,NA,"850317740732813313",NA,"<a href=""http://www.socialflow.com"" rel=""nofollow"">SocialFlow</a>","TheStreet",1,FALSE,FALSE,NA,NA
"162","Stock Futures Edge Higher After U.S. Attack on Syria, Ahead of U.S. Jobs Report https://t.co/ccrw4RvIsX https://t.co/8qqKUPev4X",FALSE,20,NA,2017-04-07 11:54:55,FALSE,NA,"850315949467029504",NA,"<a href=""https://dlvrit.com/"" rel=""nofollow"">dlvr.it</a>","TheStreet",15,FALSE,FALSE,NA,NA
"163","Body camera company Vievu is slamming Axon's move to offer free body cameras to police departments for one year: https://t.co/LlMFWlSGeL",FALSE,2,NA,2017-04-07 11:52:06,FALSE,NA,"850315242332618752",NA,"<a href=""http://www.socialflow.com"" rel=""nofollow"">SocialFlow</a>","TheStreet",2,FALSE,FALSE,NA,NA
"164","The knee-jerk reaction to almost any military moves in the Middle East is always the purchase of crude futures: https://t.co/2M4gT2hKqU",FALSE,6,NA,2017-04-07 11:43:07,FALSE,NA,"850312980092915713",NA,"<a href=""http://www.socialflow.com"" rel=""nofollow"">SocialFlow</a>","TheStreet",5,FALSE,FALSE,NA,NA
"165","Hillary Clinton Called for U.S. to Take Out Syrian Airfields Hours Before Trump Ordered Strikes… https://t.co/Ri3wVS27Nd",FALSE,8,NA,2017-04-07 11:42:07,TRUE,NA,"850312730410049536",NA,"<a href=""https://dlvrit.com/"" rel=""nofollow"">dlvr.it</a>","TheStreet",8,FALSE,FALSE,NA,NA
"166","Bank of England Governor Carney - The UK &amp; EU are ""ideally positioned"" to strike a deal on financial regulation: https://t.co/w8PBtGfP3O",FALSE,2,NA,2017-04-07 11:32:05,FALSE,NA,"850310206726819841",NA,"<a href=""http://www.socialflow.com"" rel=""nofollow"">SocialFlow</a>","TheStreet",4,FALSE,FALSE,NA,NA
"167","Investors turn to safe havens. This is what you need to know before the bell: https://t.co/zXudlX7Heu",FALSE,3,NA,2017-04-07 11:24:38,FALSE,NA,"850308328370708480",NA,"<a href=""http://www.socialflow.com"" rel=""nofollow"">SocialFlow</a>","TheStreet",6,FALSE,FALSE,NA,NA
"168","Global Stocks go on Wild Ride After U.S. Military Strikes on Syria https://t.co/HVvZXDnRX5 #stockaction https://t.co/xLi2ZzhLb5",FALSE,2,NA,2017-04-07 11:21:45,FALSE,NA,"850307603842293760",NA,"<a href=""https://dlvrit.com/"" rel=""nofollow"">dlvr.it</a>","TheStreet",4,FALSE,FALSE,NA,NA
"169","Here's what @JimCramer had to say about some of the stocks during the Mad Money Lightning Round: https://t.co/MMySAW7fkB",FALSE,0,NA,2017-04-07 11:21:03,FALSE,NA,"850307428734447618",NA,"<a href=""http://www.socialflow.com"" rel=""nofollow"">SocialFlow</a>","TheStreet",1,FALSE,FALSE,NA,NA
"170","Deutsche Bank bucks the trend in Frankfurt: https://t.co/2tELNhjFsX",FALSE,0,NA,2017-04-07 11:14:03,FALSE,NA,"850305665188995073",NA,"<a href=""http://www.socialflow.com"" rel=""nofollow"">SocialFlow</a>","TheStreet",1,FALSE,FALSE,NA,NA
"171","Tension hangs in the air as Russia calls for a United Nations Security Council meeting: https://t.co/KAcNkZOgHt",FALSE,2,NA,2017-04-07 11:00:06,FALSE,NA,"850302155823226882",NA,"<a href=""http://www.socialflow.com"" rel=""nofollow"">SocialFlow</a>","TheStreet",6,FALSE,FALSE,NA,NA
"172","It's safe to say that privately held Flywheel Sports is no longer just a fad: https://t.co/VqheZMsBhz",FALSE,4,NA,2017-04-07 10:52:03,FALSE,NA,"850300131941527552",NA,"<a href=""http://www.socialflow.com"" rel=""nofollow"">SocialFlow</a>","TheStreet",2,FALSE,FALSE,NA,NA
"173","Old-school bricks-and-mortar retailers like Macy's, Kohl's, Target and LB Brands all got a lift. So what's the deal? https://t.co/A8Edl7vx4E",FALSE,2,NA,2017-04-07 10:22:03,FALSE,NA,"850292580365545472",NA,"<a href=""http://www.socialflow.com"" rel=""nofollow"">SocialFlow</a>","TheStreet",2,FALSE,FALSE,NA,NA
"174","Despite owning about a quarter of the athletic shoe market there, Nike is losing ground fast in China: https://t.co/Z0VY3vmuoi",FALSE,3,NA,2017-04-07 09:59:22,FALSE,NA,"850286870739251200",NA,"<a href=""http://www.socialflow.com"" rel=""nofollow"">SocialFlow</a>","TheStreet",4,FALSE,FALSE,NA,NA
"175","Oil prices climbed Friday morning after U.S. missile strikes in Syria roiled financial markets: https://t.co/ZCdCeLbL5H",FALSE,7,NA,2017-04-07 09:16:23,FALSE,NA,"850276055000600576",NA,"<a href=""http://www.socialflow.com"" rel=""nofollow"">SocialFlow</a>","TheStreet",5,FALSE,FALSE,NA,NA
"176","Investors consider the possibility of greater Western involvement in the Syrian conflict: https://t.co/O2Ho6z6I9j",FALSE,1,NA,2017-04-07 08:39:21,FALSE,NA,"850266733176803329",NA,"<a href=""http://www.socialflow.com"" rel=""nofollow"">SocialFlow</a>","TheStreet",9,FALSE,FALSE,NA,NA
"177","Russia calls for an urgent meeting of the UN Security Council on the U.S. airstrikes in Syria: https://t.co/pAPKb4xLVW",FALSE,5,NA,2017-04-07 08:22:23,FALSE,NA,"850262465694715905",NA,"<a href=""http://www.socialflow.com"" rel=""nofollow"">SocialFlow</a>","TheStreet",13,FALSE,FALSE,NA,NA
"178","Russia Says U.S. Airstrikes on Syria Act of 'Aggression'
https://t.co/EpGoYNE2WF",FALSE,7,NA,2017-04-07 06:20:29,FALSE,NA,"850231789423546368",NA,"<a href=""http://twitter.com"" rel=""nofollow"">Twitter Web Client</a>","TheStreet",4,FALSE,FALSE,NA,NA
"179","Oil Surges, Markets Tremble As Trump Launches Syrian Missile Strikes
https://t.co/UTNhEyk5fU",FALSE,5,NA,2017-04-07 05:43:02,FALSE,NA,"850222364767866881",NA,"<a href=""http://twitter.com"" rel=""nofollow"">Twitter Web Client</a>","TheStreet",9,FALSE,FALSE,NA,NA
"180","This is how markets are responding to Pres #Trump’s strike on #Syria: https://t.co/HLWgBzyVYn",FALSE,5,NA,2017-04-07 03:03:43,FALSE,NA,"850182268190687232",NA,"<a href=""https://about.twitter.com/products/tweetdeck"" rel=""nofollow"">TweetDeck</a>","TheStreet",10,FALSE,FALSE,NA,NA
"181","A $1,000 iPhone might not be too much of a jump for the tech giant to make https://t.co/UTd5o4lYRd $AAPL",FALSE,0,NA,2017-04-07 02:59:06,FALSE,NA,"850181107651923968",NA,"<a href=""http://www.socialflow.com"" rel=""nofollow"">SocialFlow</a>","TheStreet",4,FALSE,FALSE,NA,NA
"182","U.S. Futures, Dollar Down After Syrian Attack https://t.co/HLWgBzQwPV https://t.co/BIxzpysy6g",FALSE,6,NA,2017-04-07 02:45:05,FALSE,NA,"850177581328384000",NA,"<a href=""https://dlvrit.com/"" rel=""nofollow"">dlvr.it</a>","TheStreet",9,FALSE,FALSE,NA,NA
"183","Flywheel Sports CEO: this is the area of fitness that's exploding right now: https://t.co/XJCE4wBFOG https://t.co/ZztkCZtYwK",FALSE,2,NA,2017-04-07 02:38:02,FALSE,NA,"850175806491852801",NA,"<a href=""https://studio.twitter.com"" rel=""nofollow"">Media Studio</a>","TheStreet",1,FALSE,FALSE,NA,NA
"184","Adidas suffered another setback after pro golfer Dustin Johnson dropped out of The Masters today https://t.co/QPYrbql4FV $ADDYY",FALSE,1,NA,2017-04-07 02:13:03,FALSE,NA,"850169519922454528",NA,"<a href=""http://www.socialflow.com"" rel=""nofollow"">SocialFlow</a>","TheStreet",1,FALSE,FALSE,NA,NA
"185","In the battle for sneaker domination, Nike was dethroned for the first time in over a decade by Adidas https://t.co/VNvgNWBxju $NKE $ADDYY",FALSE,17,NA,2017-04-07 01:44:04,FALSE,NA,"850162225075671042",NA,"<a href=""http://www.socialflow.com"" rel=""nofollow"">SocialFlow</a>","TheStreet",13,FALSE,FALSE,NA,NA
"186","Is Wells Fargo's board spread too thin? https://t.co/Z6AhMEU3dS $WFC https://t.co/WvEAY5aCHT",FALSE,3,NA,2017-04-07 01:39:02,FALSE,NA,"850160957204553728",NA,"<a href=""https://studio.twitter.com"" rel=""nofollow"">Media Studio</a>","TheStreet",1,FALSE,FALSE,NA,NA
"187","Even a 1% difference in the mortgage rate can save a homeowner $40k over 30 years for a mortgage valued at $200k https://t.co/7nsvqTjEN0",FALSE,11,NA,2017-04-07 01:08:04,FALSE,NA,"850153166356324352",NA,"<a href=""http://www.socialflow.com"" rel=""nofollow"">SocialFlow</a>","TheStreet",6,FALSE,FALSE,NA,NA
"188","The 2018 AMG GT R Coupe will start at $157,000 and be available at dealers in the summer https://t.co/FtDai5svKC",FALSE,10,NA,2017-04-07 00:50:02,FALSE,NA,"850148626852712448",NA,"<a href=""http://www.socialflow.com"" rel=""nofollow"">SocialFlow</a>","TheStreet",4,FALSE,FALSE,NA,NA
"189","Coach names former Bergdorf President new brand CEO: https://t.co/nD3FdXGwWO $COH https://t.co/9SG7fbxuBn",FALSE,0,NA,2017-04-07 00:44:04,FALSE,NA,"850147124767473664",NA,"<a href=""https://studio.twitter.com"" rel=""nofollow"">Media Studio</a>","TheStreet",2,FALSE,FALSE,NA,NA
"190","The fast fashion model may be afoot at Nike https://t.co/iNx2MwrxqV $NKE",FALSE,3,NA,2017-04-07 00:21:05,FALSE,NA,"850141344056184832",NA,"<a href=""http://www.socialflow.com"" rel=""nofollow"">SocialFlow</a>","TheStreet",4,FALSE,FALSE,NA,NA
"191","""...this sale is all about personal context, not company context"" https://t.co/pug6Nc7b4t $TWTR",FALSE,1,NA,2017-04-07 00:03:05,FALSE,NA,"850136813331206148",NA,"<a href=""http://www.socialflow.com"" rel=""nofollow"">SocialFlow</a>","TheStreet",1,FALSE,FALSE,NA,NA
"192","Trump will likely be on a tweet-storm come Sunday afternoon as players battle for the green jacket https://t.co/cq6qqEtXY8",FALSE,1,NA,2017-04-06 23:48:04,FALSE,NA,"850133033927806976",NA,"<a href=""http://www.socialflow.com"" rel=""nofollow"">SocialFlow</a>","TheStreet",2,FALSE,FALSE,NA,NA
"193","Is the Trump Administration bringing back Glass-Steagall? https://t.co/yM3vn4WEIE https://t.co/C2Fez5cXIY",FALSE,1,NA,2017-04-06 23:38:04,FALSE,NA,"850130516351139840",NA,"<a href=""https://studio.twitter.com"" rel=""nofollow"">Media Studio</a>","TheStreet",3,FALSE,FALSE,NA,NA
"194","""Project Scorpio"" is Microsoft's new high-performance Xbox One console  https://t.co/UbVztSGYwF $MSFT",FALSE,2,NA,2017-04-06 23:12:05,FALSE,NA,"850123979167866884",NA,"<a href=""http://www.socialflow.com"" rel=""nofollow"">SocialFlow</a>","TheStreet",2,FALSE,FALSE,NA,NA
"195","Hillary Clinton Wants You to Know She's Okay https://t.co/IurjmqZhaJ https://t.co/aAOcOUcOvC",FALSE,5,NA,2017-04-06 22:47:53,FALSE,NA,"850117888971112448",NA,"<a href=""https://dlvrit.com/"" rel=""nofollow"">dlvr.it</a>","TheStreet",3,FALSE,FALSE,NA,NA
"196","The move is part of 7-Eleven's aim to achieve greater average daily merchandise sales of $5,000 per store https://t.co/yVryVo09xM",FALSE,4,NA,2017-04-06 22:41:01,FALSE,NA,"850116159995338752",NA,"<a href=""http://www.socialflow.com"" rel=""nofollow"">SocialFlow</a>","TheStreet",6,FALSE,FALSE,NA,NA
"197","Advertisers are fleeing Fox's 'The O'Reilly Factor': https://t.co/WqxRpwIF7K https://t.co/BOuUsalYCw",FALSE,8,NA,2017-04-06 22:32:02,FALSE,NA,"850113899441430528",NA,"<a href=""https://studio.twitter.com"" rel=""nofollow"">Media Studio</a>","TheStreet",3,FALSE,FALSE,NA,NA
"198","Google search ""stock market overvalued."" We dare you. https://t.co/WqGtPGUDp9",FALSE,9,NA,2017-04-06 22:13:05,FALSE,NA,"850109130123739136",NA,"<a href=""http://www.socialflow.com"" rel=""nofollow"">SocialFlow</a>","TheStreet",4,FALSE,FALSE,NA,NA
"199","Nvidia's latest GPU launch and Microsoft's Scorpio Xbox show just how strong the gaming market is… https://t.co/I1wgY3kv2w",FALSE,0,NA,2017-04-06 21:54:46,TRUE,NA,"850104520608694272",NA,"<a href=""https://dlvrit.com/"" rel=""nofollow"">dlvr.it</a>","TheStreet",2,FALSE,FALSE,NA,NA
"200","Under Armour is banking on Dwayne ""The Rock"" Johnson's ability to sell sneakers: https://t.co/wgeAt4scvl $UA https://t.co/chZbHyl5i9",FALSE,73,NA,2017-04-06 21:53:06,FALSE,NA,"850104101861859328",NA,"<a href=""https://studio.twitter.com"" rel=""nofollow"">Media Studio</a>","TheStreet",27,FALSE,FALSE,NA,NA
"201","Whole Foods Market has been declining in same store traffic for some time now: https://t.co/Spq4HbAC90",FALSE,1,NA,2017-04-06 21:38:06,FALSE,NA,"850100326292230145",NA,"<a href=""http://www.socialflow.com"" rel=""nofollow"">SocialFlow</a>","TheStreet",2,FALSE,FALSE,NA,NA
"202","Twitter has filed suit against the U.S. government over a demand for records regarding an anti-Trump account https://t.co/6cMQUv9g6N",FALSE,1,NA,2017-04-06 21:16:05,FALSE,NA,"850094785436233728",NA,"<a href=""http://www.socialflow.com"" rel=""nofollow"">SocialFlow</a>","TheStreet",0,FALSE,FALSE,NA,NA
"203","Schneider National's CEO thinks self-driving truck technology will be more readily available in a decade https://t.co/wwThfXifDK",FALSE,0,NA,2017-04-06 21:02:07,FALSE,NA,"850091272136257536",NA,"<a href=""http://www.socialflow.com"" rel=""nofollow"">SocialFlow</a>","TheStreet",2,FALSE,FALSE,NA,NA
"204","So what's Chipotle doing right, all of a sudden? https://t.co/TpVVrlTeHX $CMG",FALSE,8,NA,2017-04-06 20:53:03,FALSE,NA,"850088989608554496",NA,"<a href=""http://www.socialflow.com"" rel=""nofollow"">SocialFlow</a>","TheStreet",3,FALSE,FALSE,NA,NA
"205","A look at 7 companies that want to take you into space https://t.co/swzAQOE2TB",FALSE,3,NA,2017-04-06 20:47:08,FALSE,NA,"850087500169306114",NA,"<a href=""http://www.socialflow.com"" rel=""nofollow"">SocialFlow</a>","TheStreet",5,FALSE,FALSE,NA,NA
"206","Will people actually pay $1,000 for Apple's next iPhone? https://t.co/Wt936Eo73i https://t.co/GjFxRXispW",FALSE,4,NA,2017-04-06 20:45:08,FALSE,NA,"850086996923924480",NA,"<a href=""https://dlvrit.com/"" rel=""nofollow"">dlvr.it</a>","TheStreet",0,FALSE,FALSE,NA,NA
"207","Rue21 has been struggling with almost $800 million in debt, &amp; that burden may well drag the company into bankruptcy https://t.co/YH63zp3KCc",FALSE,4,NA,2017-04-06 20:38:05,FALSE,NA,"850085224050556928",NA,"<a href=""http://www.socialflow.com"" rel=""nofollow"">SocialFlow</a>","TheStreet",2,FALSE,FALSE,NA,NA
"208","Closing Bell: Goldman Skeptical on SeaWorld Growth; Syria-Trump Talk Spooks Wall Street https://t.co/TpFDmLm14w… https://t.co/sDPAF0AEJu",FALSE,0,NA,2017-04-06 20:32:15,TRUE,NA,"850083754177470464",NA,"<a href=""https://dlvrit.com/"" rel=""nofollow"">dlvr.it</a>","TheStreet",1,FALSE,FALSE,NA,NA
"209","YouTube Launched Its Live TV Streaming Service https://t.co/mJd5rT5aRk #stockaction https://t.co/tFDwO7NcrU",FALSE,2,NA,2017-04-06 20:32:12,FALSE,NA,"850083742693564417",NA,"<a href=""https://dlvrit.com/"" rel=""nofollow"">dlvr.it</a>","TheStreet",2,FALSE,FALSE,NA,NA
"210","Health-focused consumers are eating more chicken as a breakfast and snack food https://t.co/CE2xb6Qs7v",FALSE,4,NA,2017-04-06 20:26:03,FALSE,NA,"850082193544273920",NA,"<a href=""http://www.socialflow.com"" rel=""nofollow"">SocialFlow</a>","TheStreet",2,FALSE,FALSE,NA,NA
"211","L Brands stock was rising by 9.7% to $47.28 on Thursday afternoon https://t.co/SEAYgB34Vk $LB",FALSE,9,NA,2017-04-06 20:17:02,FALSE,NA,"850079925776396288",NA,"<a href=""http://www.socialflow.com"" rel=""nofollow"">SocialFlow</a>","TheStreet",2,FALSE,FALSE,NA,NA
"212","Stocks Give Back Bulk of Gains on Worries Over Syrian Intervention https://t.co/a0GzRv08e3 https://t.co/LaNR3IJLc0",FALSE,5,NA,2017-04-06 20:11:12,FALSE,NA,"850078456163454976",NA,"<a href=""https://dlvrit.com/"" rel=""nofollow"">dlvr.it</a>","TheStreet",5,FALSE,FALSE,NA,NA
"213","Adidas suffered another setback after pro golfer Dustin Johnson dropped out of The Masters today https://t.co/NAJN4G5J9T $ADDYY",FALSE,3,NA,2017-04-06 20:09:03,FALSE,NA,"850077914183938052",NA,"<a href=""http://www.socialflow.com"" rel=""nofollow"">SocialFlow</a>","TheStreet",0,FALSE,FALSE,NA,NA
"214","Here's What To Expect in March's Job Report https://t.co/s6sJdUavbj https://t.co/ySZ7wS7Klk",FALSE,0,NA,2017-04-06 19:54:06,FALSE,NA,"850074151603683328",NA,"<a href=""https://dlvrit.com/"" rel=""nofollow"">dlvr.it</a>","TheStreet",1,FALSE,FALSE,NA,NA
"215","Is Wells Fargo's board spread too thin? https://t.co/Z6AhMEU3dS $WFC https://t.co/o2bYGVPQL2",FALSE,1,NA,2017-04-06 19:43:03,FALSE,NA,"850071373921660928",NA,"<a href=""https://studio.twitter.com"" rel=""nofollow"">Media Studio</a>","TheStreet",2,FALSE,FALSE,NA,NA
"216","In the battle for sneaker domination, Nike was dethroned for the first time in over a decade by Adidas https://t.co/41zp8DzW1F $NKE $ADDYY",FALSE,11,NA,2017-04-06 19:36:05,FALSE,NA,"850069619079512065",NA,"<a href=""http://www.socialflow.com"" rel=""nofollow"">SocialFlow</a>","TheStreet",4,FALSE,FALSE,NA,NA
"217","Even a 1% difference in the mortgage rate can save a homeowner $40k over 30 years for a mortgage valued at $200k https://t.co/YtGFPAlQt3",FALSE,4,NA,2017-04-06 19:25:05,FALSE,NA,"850066852843859968",NA,"<a href=""http://www.socialflow.com"" rel=""nofollow"">SocialFlow</a>","TheStreet",1,FALSE,FALSE,NA,NA
"218","First Solar has announced it is reviewing alternatives for the sale of its interest in its yieldco 8point3 https://t.co/ZUVdHjtCEY",FALSE,3,NA,2017-04-06 19:16:07,FALSE,NA,"850064594223718401",NA,"<a href=""http://www.socialflow.com"" rel=""nofollow"">SocialFlow</a>","TheStreet",0,FALSE,FALSE,NA,NA
"219","Comcast's unlimited data phone plans will start at $45 a month for its best customers https://t.co/SYHKcswNmS https://t.co/3adnoZGMvE",FALSE,4,NA,2017-04-06 14:20:10,FALSE,NA,"849990116378517505",NA,"<a href=""https://dlvrit.com/"" rel=""nofollow"">dlvr.it</a>","TheStreet",1,FALSE,FALSE,NA,NA
"220","Unilever will sell its spreads business and combine its food and refreshment businesses into one unit https://t.co/P8RZSk1Gkh $UL",FALSE,0,NA,2017-04-06 14:15:06,FALSE,NA,"849988840722976768",NA,"<a href=""http://www.socialflow.com"" rel=""nofollow"">SocialFlow</a>","TheStreet",2,FALSE,FALSE,NA,NA
"221","Another Israeli high-tech firm in the automotive arena has attracted significant venture capital https://t.co/zgzXX80ja8",FALSE,1,NA,2017-04-06 14:08:02,FALSE,NA,"849987062036140033",NA,"<a href=""http://www.socialflow.com"" rel=""nofollow"">SocialFlow</a>","TheStreet",2,FALSE,FALSE,NA,NA
"222","LIVE on #Periscope: Wall St. is watching Washington as Pres #Trump meets w/ Pres #Xi. Jim Cramercramer is live with… https://t.co/Mjvm9Cqbjm",FALSE,24,NA,2017-04-06 14:01:40,FALSE,NA,"849985461359718401",NA,"<a href=""http://twitter.com/#!/download/ipad"" rel=""nofollow"">Twitter for iPad</a>","TheStreet",12,FALSE,FALSE,NA,NA
"223","Bezos envisions Blue Origin as a commercial and tourist space exploration company https://t.co/3bX9UmSQgV $AMZN",FALSE,2,NA,2017-04-06 13:54:06,FALSE,NA,"849983555371499521",NA,"<a href=""http://www.socialflow.com"" rel=""nofollow"">SocialFlow</a>","TheStreet",1,FALSE,FALSE,NA,NA
"224","The move is part of 7-Eleven's aim to achieve greater average daily merchandise sales of $5,000 per store https://t.co/x57TLIX37p",FALSE,6,NA,2017-04-06 13:46:05,FALSE,NA,"849981539731611648",NA,"<a href=""http://www.socialflow.com"" rel=""nofollow"">SocialFlow</a>","TheStreet",3,FALSE,FALSE,NA,NA
"225","Stocks Little Changed Ahead of Trump-Xi Meeting, U.S. Jobs Report https://t.co/O8yufH4pTL https://t.co/mVJWudZyJa",FALSE,1,NA,2017-04-06 13:44:39,FALSE,NA,"849981180518711296",NA,"<a href=""https://dlvrit.com/"" rel=""nofollow"">dlvr.it</a>","TheStreet",0,FALSE,FALSE,NA,NA
"226","Tesla has had quite a week, but it may only be just the start https://t.co/046lgTezq5 $TSLA $AAPL",FALSE,2,NA,2017-04-06 13:35:05,FALSE,NA,"849978769536405504",NA,"<a href=""http://www.socialflow.com"" rel=""nofollow"">SocialFlow</a>","TheStreet",3,FALSE,FALSE,NA,NA
"227","Offshore oil contractor $SDRL prepares to tap Chapter 11 https://t.co/3Xojeri1qO https://t.co/zOhEV4tMAH",FALSE,0,NA,2017-04-06 13:26:11,FALSE,NA,"849976531849850880",NA,"<a href=""https://dlvrit.com/"" rel=""nofollow"">dlvr.it</a>","TheStreet",3,FALSE,FALSE,NA,NA
"228","""Hawkish actions abroad are balancing out the Fed's recent rate increase.""  -- @DCBorthwick    https://t.co/r9fVTet8px",FALSE,2,NA,2017-04-06 13:13:05,FALSE,NA,"849973236314058752",NA,"<a href=""http://www.socialflow.com"" rel=""nofollow"">SocialFlow</a>","TheStreet",5,FALSE,FALSE,NA,NA
"229","Google search ""stock market overvalued."" We dare you. https://t.co/VISQwD6ng8",FALSE,2,NA,2017-04-06 12:59:06,FALSE,NA,"849969713773805570",NA,"<a href=""http://www.socialflow.com"" rel=""nofollow"">SocialFlow</a>","TheStreet",2,FALSE,FALSE,NA,NA
"230","The herd is gradually thinning. https://t.co/O3CquDjL8v",FALSE,3,NA,2017-04-06 12:45:09,FALSE,NA,"849966204697628672",NA,"<a href=""http://www.socialflow.com"" rel=""nofollow"">SocialFlow</a>","TheStreet",7,FALSE,FALSE,NA,NA
"231","Consider this your shopping list as you navigate raising rates. https://t.co/1Wpsc1VOBp https://t.co/bW6tD9nbEd",FALSE,6,NA,2017-04-06 12:31:03,FALSE,NA,"849962655594930179",NA,"<a href=""https://studio.twitter.com"" rel=""nofollow"">Media Studio</a>","TheStreet",3,FALSE,FALSE,NA,NA
"232","""Those who have filed petitions for programmers are going to receive extra scrutiny."" https://t.co/D17Nc7glvy",FALSE,1,NA,2017-04-06 12:27:04,FALSE,NA,"849961652044910592",NA,"<a href=""http://www.socialflow.com"" rel=""nofollow"">SocialFlow</a>","TheStreet",3,FALSE,FALSE,NA,NA
"233","""As I think about this company over the next 20 years, the best place for it is to be private.""  https://t.co/XkeE2bUQ5Q",FALSE,3,NA,2017-04-06 12:19:07,FALSE,NA,"849959651609378816",NA,"<a href=""http://www.socialflow.com"" rel=""nofollow"">SocialFlow</a>","TheStreet",2,FALSE,FALSE,NA,NA
"234","5 things you must know before the markets open Wednesday https://t.co/6UQ9VGqKuG #StockAction",FALSE,3,NA,2017-04-06 12:05:11,FALSE,NA,"849956144906776577",NA,"<a href=""https://dlvrit.com/"" rel=""nofollow"">dlvr.it</a>","TheStreet",2,FALSE,FALSE,NA,NA
"235","To be sure, Under Armour could use whatever magic The Rock has at his disposal. https://t.co/cZ9fysjPgA $UA https://t.co/7R4u8JovRj",FALSE,80,NA,2017-04-06 12:05:05,FALSE,NA,"849956120613408768",NA,"<a href=""https://studio.twitter.com"" rel=""nofollow"">Media Studio</a>","TheStreet",23,FALSE,FALSE,NA,NA
"236","Stock Futures Rise but in 'Wait-and-See' Mode Ahead of Trump-Xi Meeting, U.S. Jobs Report https://t.co/S9i2ZRyo66 https://t.co/mnAgoDQlyW",FALSE,2,NA,2017-04-06 11:54:09,FALSE,NA,"849953370299285504",NA,"<a href=""https://dlvrit.com/"" rel=""nofollow"">dlvr.it</a>","TheStreet",4,FALSE,FALSE,NA,NA
"237","Gold can still glitter as the Fed raises rates: https://t.co/LYqfYq0MN4 https://t.co/PLUv79cJHh",FALSE,7,NA,2017-04-06 11:48:01,FALSE,NA,"849951827525120000",NA,"<a href=""https://studio.twitter.com"" rel=""nofollow"">Media Studio</a>","TheStreet",6,FALSE,FALSE,NA,NA
"238","Are you ready for today's opening bell? https://t.co/iI21Yo7PEG",FALSE,3,NA,2017-04-06 11:27:01,FALSE,NA,"849946543734091777",NA,"<a href=""http://www.socialflow.com"" rel=""nofollow"">SocialFlow</a>","TheStreet",0,FALSE,FALSE,NA,NA
"239","The release would be the tech titan's Apple Watch Series 3 https://t.co/ePfwNOafWV $AAPL",FALSE,3,NA,2017-04-06 04:36:05,FALSE,NA,"849843128433594369",NA,"<a href=""http://www.socialflow.com"" rel=""nofollow"">SocialFlow</a>","TheStreet",2,FALSE,FALSE,NA,NA
"240","Walmart cut its prices across several major business units last month including grocery https://t.co/6GaRlNHyiQ $WMT",FALSE,12,NA,2017-04-06 04:18:04,FALSE,NA,"849838591140401152",NA,"<a href=""http://www.socialflow.com"" rel=""nofollow"">SocialFlow</a>","TheStreet",7,FALSE,FALSE,NA,NA
"241","Pepsi is now pulling that infamous Kendall Jenner commercial https://t.co/zFUxgFtE1L",FALSE,7,NA,2017-04-06 03:53:03,FALSE,NA,"849832298463842305",NA,"<a href=""http://www.socialflow.com"" rel=""nofollow"">SocialFlow</a>","TheStreet",11,FALSE,FALSE,NA,NA
"242","Panera Bread will be the latest food brand gobbled up by European conglomerate JAB Holdings https://t.co/JOHH6b3IEh $PNRA",FALSE,2,NA,2017-04-06 03:33:08,FALSE,NA,"849827283426791424",NA,"<a href=""http://www.socialflow.com"" rel=""nofollow"">SocialFlow</a>","TheStreet",11,FALSE,FALSE,NA,NA
"243","Under Armour is banking on Dwayne ""The Rock"" Johnson's ability to sell sneakers: https://t.co/wgeAt4scvl $UA https://t.co/wDD0BYILzf",FALSE,18,NA,2017-04-06 03:10:03,FALSE,NA,"849821477704617984",NA,"<a href=""https://studio.twitter.com"" rel=""nofollow"">Media Studio</a>","TheStreet",6,FALSE,FALSE,NA,NA
"244","Cyber criminals are hell-bent on scamming trusting consumers by targeting them with a bogus tax bill from the ACA: https://t.co/OZHyMtWPIW",FALSE,7,NA,2017-04-06 02:43:01,FALSE,NA,"849814671435628545",NA,"<a href=""http://www.socialflow.com"" rel=""nofollow"">SocialFlow</a>","TheStreet",4,FALSE,FALSE,NA,NA
"245","Whole Foods Market has been declining in same store traffic for some time now: https://t.co/CyJWlWA0Bh",FALSE,2,NA,2017-04-06 02:23:03,FALSE,NA,"849809647225774081",NA,"<a href=""http://www.socialflow.com"" rel=""nofollow"">SocialFlow</a>","TheStreet",5,FALSE,FALSE,NA,NA
"246","Struggling mall staple and preppy retail darling J. Crew has dealt with a lot of changes as of late: https://t.co/E8oTcLYt8U",FALSE,1,NA,2017-04-06 02:14:05,FALSE,NA,"849807393185710080",NA,"<a href=""http://www.socialflow.com"" rel=""nofollow"">SocialFlow</a>","TheStreet",3,FALSE,FALSE,NA,NA
"247","What will you want out of your retirement? https://t.co/ZphW2h2mpX",FALSE,1,NA,2017-04-06 01:49:05,FALSE,NA,"849801101251575810",NA,"<a href=""http://www.socialflow.com"" rel=""nofollow"">SocialFlow</a>","TheStreet",3,FALSE,FALSE,NA,NA
"248","26 companies have pulled ads from 'The O'Reilly Factor' in wake of sexual harassment claims: https://t.co/UeasbaToFr https://t.co/QYeDZ3EJS7",FALSE,21,NA,2017-04-06 01:20:03,FALSE,NA,"849793792848797697",NA,"<a href=""https://studio.twitter.com"" rel=""nofollow"">Media Studio</a>","TheStreet",8,FALSE,FALSE,NA,NA
"249","The best investment for 30-year U.S. Treasury bonds is the 20+ Year Treasury Bond ETF: https://t.co/KKr1lXCmuW",FALSE,7,NA,2017-04-06 00:47:03,FALSE,NA,"849785489536233473",NA,"<a href=""http://www.socialflow.com"" rel=""nofollow"">SocialFlow</a>","TheStreet",4,FALSE,FALSE,NA,NA
"250","Expectations of tax reform were a main driver of the recent Trump rally in stocks https://t.co/rs2EaXygYk #TradingStrategies",FALSE,3,NA,2017-04-06 00:15:06,FALSE,NA,"849777450036989952",NA,"<a href=""http://www.socialflow.com"" rel=""nofollow"">SocialFlow</a>","TheStreet",3,FALSE,FALSE,NA,NA
"251","With a growing public interest in sustainability, Adidas-owned Reebok plans to debut a lifestyle shoe: https://t.co/1y3rNQeSQm",FALSE,1,NA,2017-04-05 23:57:07,FALSE,NA,"849772923846098945",NA,"<a href=""http://www.socialflow.com"" rel=""nofollow"">SocialFlow</a>","TheStreet",2,FALSE,FALSE,NA,NA
"252","Tesla files a patent application that could change the way homes and businesses store electricity: https://t.co/BsClNqXC3M",FALSE,14,NA,2017-04-05 23:37:03,FALSE,NA,"849767871655890945",NA,"<a href=""http://www.socialflow.com"" rel=""nofollow"">SocialFlow</a>","TheStreet",13,FALSE,FALSE,NA,NA
"253","Axon is offering free body cameras to police officers: https://t.co/7gtprLBnY6 https://t.co/IXPdLgQBsu",FALSE,0,NA,2017-04-05 23:18:04,FALSE,NA,"849763096465821696",NA,"<a href=""https://studio.twitter.com"" rel=""nofollow"">Media Studio</a>","TheStreet",3,FALSE,FALSE,NA,NA
"254","Hudson's Bay considering acquisitions during aggressive cost cutting plan: https://t.co/NrnDkoFuy6 https://t.co/uUmWkmum1T",FALSE,2,NA,2017-04-05 22:51:02,FALSE,NA,"849756293975777280",NA,"<a href=""https://studio.twitter.com"" rel=""nofollow"">Media Studio</a>","TheStreet",4,FALSE,FALSE,NA,NA
"255","""I've been long a year and a half and that just keeps working for me"" https://t.co/Xh6zAFAI6D #TradingStrategies $DIS",FALSE,1,NA,2017-04-05 22:21:03,FALSE,NA,"849748748448215042",NA,"<a href=""http://www.socialflow.com"" rel=""nofollow"">SocialFlow</a>","TheStreet",0,FALSE,FALSE,NA,NA
"256","Gillette could have a new razor in the works that's sure to heat up the competition: https://t.co/ZvDm7fdSBl",FALSE,2,NA,2017-04-05 22:07:04,FALSE,NA,"849745229544554496",NA,"<a href=""http://www.socialflow.com"" rel=""nofollow"">SocialFlow</a>","TheStreet",2,FALSE,FALSE,NA,NA
"257","Our #TradingStrategies roundtable discussed the Fed's main goal https://t.co/nIKBbqPV9Q",FALSE,1,NA,2017-04-05 21:49:04,FALSE,NA,"849740696928092160",NA,"<a href=""http://www.socialflow.com"" rel=""nofollow"">SocialFlow</a>","TheStreet",2,FALSE,FALSE,NA,NA
"258","There may be better dividend stocks than Starbucks, in terms of risk vs. future reward https://t.co/XU27MhIQ6O $SBUX",FALSE,2,NA,2017-04-05 21:38:01,FALSE,NA,"849737917677305860",NA,"<a href=""http://www.socialflow.com"" rel=""nofollow"">SocialFlow</a>","TheStreet",3,FALSE,FALSE,NA,NA
"259","MGM to take full ownership of Epix as studio goes deeper into TV https://t.co/0uuloACqzh https://t.co/fynAz9Fgqx",FALSE,4,NA,2017-04-05 21:37:14,FALSE,NA,"849737718565289984",NA,"<a href=""https://dlvrit.com/"" rel=""nofollow"">dlvr.it</a>","TheStreet",3,FALSE,FALSE,NA,NA
"260","VMware is the latest smaller cloud player to exit the market altogether. More are likely to follow https://t.co/TGX2LzBYhI",FALSE,2,NA,2017-04-05 21:22:07,FALSE,NA,"849733915799670785",NA,"<a href=""http://www.socialflow.com"" rel=""nofollow"">SocialFlow</a>","TheStreet",8,FALSE,FALSE,NA,NA
"261","Joining forces with JAB could bring the Panera brand overseas https://t.co/plLQP8Dwkg $PNRA",FALSE,2,NA,2017-04-05 21:18:05,FALSE,NA,"849732900539047937",NA,"<a href=""http://www.socialflow.com"" rel=""nofollow"">SocialFlow</a>","TheStreet",2,FALSE,FALSE,NA,NA
"262","Amazon has won the streaming rights for the National Football League's Thursday night games https://t.co/ly5LSjk4Np $AMZN",FALSE,9,NA,2017-04-05 21:06:07,FALSE,NA,"849729891079778305",NA,"<a href=""http://www.socialflow.com"" rel=""nofollow"">SocialFlow</a>","TheStreet",10,FALSE,FALSE,NA,NA
"263","Will $GOOGL's YouTube TV be the ultimate cable TV bundle killer? https://t.co/crqE5Ogk0m https://t.co/SW1tDWXgMk",FALSE,11,NA,2017-04-05 21:03:09,FALSE,NA,"849729142706683904",NA,"<a href=""https://dlvrit.com/"" rel=""nofollow"">dlvr.it</a>","TheStreet",3,FALSE,FALSE,NA,NA
"264","Here's a look at a few other notoriously controversial ads https://t.co/T8C4z9hGnM $PEP",FALSE,1,NA,2017-04-05 20:56:04,FALSE,NA,"849727361759268869",NA,"<a href=""http://www.socialflow.com"" rel=""nofollow"">SocialFlow</a>","TheStreet",3,FALSE,FALSE,NA,NA
"265","The planes are designed to provide more direct and efficient service to smaller &amp; regional airports https://t.co/dsUHmAvh4h",FALSE,5,NA,2017-04-05 20:44:04,FALSE,NA,"849724338542653441",NA,"<a href=""http://www.socialflow.com"" rel=""nofollow"">SocialFlow</a>","TheStreet",2,FALSE,FALSE,NA,NA
"266","Staples is supposedly in talks with private equity firms concerning the sale of the rest of its business https://t.co/JwZmFRXDRY $SPLS",FALSE,2,NA,2017-04-05 20:34:03,FALSE,NA,"849721819947044864",NA,"<a href=""http://www.socialflow.com"" rel=""nofollow"">SocialFlow</a>","TheStreet",4,FALSE,FALSE,NA,NA
"267","Neglectful or procrastinating consumers who have failed to file their taxes for over a year have several options: https://t.co/O7cJM950Qi",FALSE,0,NA,2017-04-05 14:47:04,FALSE,NA,"849634500019728388",NA,"<a href=""http://www.socialflow.com"" rel=""nofollow"">SocialFlow</a>","TheStreet",0,FALSE,FALSE,NA,NA
"268","Cyber criminals are hell-bent on scamming trusting consumers by targeting them with a bogus tax bill from the ACA: https://t.co/nIfx5SYF1G",FALSE,1,NA,2017-04-05 14:37:06,FALSE,NA,"849631991624544256",NA,"<a href=""http://www.socialflow.com"" rel=""nofollow"">SocialFlow</a>","TheStreet",2,FALSE,FALSE,NA,NA
"269","While almost all of you think retirement is attainable, only about half of you are confident of it: https://t.co/Xotejg5wWz",FALSE,1,NA,2017-04-05 14:29:03,FALSE,NA,"849629965909987330",NA,"<a href=""http://www.socialflow.com"" rel=""nofollow"">SocialFlow</a>","TheStreet",1,FALSE,FALSE,NA,NA
"270","Amazon and Google's reported interest in buying Toshiba's chip unit could be sign of things to come… https://t.co/sZL09zjZCg",FALSE,0,NA,2017-04-05 14:16:07,TRUE,NA,"849626710484041728",NA,"<a href=""https://dlvrit.com/"" rel=""nofollow"">dlvr.it</a>","TheStreet",1,FALSE,FALSE,NA,NA
"271","U.S. mortgage rates have risen in the aftermath of the interest rate hike by the Federal Reserve: https://t.co/A9fBqARDfL",FALSE,0,NA,2017-04-05 14:16:03,FALSE,NA,"849626692805173248",NA,"<a href=""http://www.socialflow.com"" rel=""nofollow"">SocialFlow</a>","TheStreet",0,FALSE,FALSE,NA,NA
"272","Whole Foods Market has been declining in same store traffic for some time now: https://t.co/ujl3Bx0uYi",FALSE,4,NA,2017-04-05 14:07:04,FALSE,NA,"849624430112378880",NA,"<a href=""http://www.socialflow.com"" rel=""nofollow"">SocialFlow</a>","TheStreet",2,FALSE,FALSE,NA,NA
"273","Top 7 Energy Stocks to Own For 2017 https://t.co/918zWjKlr4 https://t.co/wPSyo38nMB",FALSE,8,NA,2017-04-05 13:59:11,FALSE,NA,"849622449524154368",NA,"<a href=""https://dlvrit.com/"" rel=""nofollow"">dlvr.it</a>","TheStreet",5,FALSE,FALSE,NA,NA
"274","What will you want out of your retirement? https://t.co/jSkZmWM6r2",FALSE,0,NA,2017-04-05 13:55:03,FALSE,NA,"849621408779042816",NA,"<a href=""http://www.socialflow.com"" rel=""nofollow"">SocialFlow</a>","TheStreet",1,FALSE,FALSE,NA,NA
"275","GOP Uses Obscure Law to Roll Back Internet Privacy Protections, Anti-Bribery Rules https://t.co/q6hw3mOqG1 https://t.co/P91kTq4G5F",FALSE,6,NA,2017-04-05 13:53:12,FALSE,NA,"849620942141640705",NA,"<a href=""https://dlvrit.com/"" rel=""nofollow"">dlvr.it</a>","TheStreet",6,FALSE,FALSE,NA,NA
"276","Struggling mall staple and preppy retail darling J. Crew has dealt with a lot of changes as of late: https://t.co/totgQnvewA",FALSE,2,NA,2017-04-05 13:45:07,FALSE,NA,"849618907694608384",NA,"<a href=""http://www.socialflow.com"" rel=""nofollow"">SocialFlow</a>","TheStreet",2,FALSE,FALSE,NA,NA
"277","Stocks Post Modest Gains After Strong ADP Report, Ahead of Fed Minutes https://t.co/sEhbXePw4c https://t.co/63NTp8Zh7i",FALSE,2,NA,2017-04-05 13:41:40,FALSE,NA,"849618040077533185",NA,"<a href=""https://dlvrit.com/"" rel=""nofollow"">dlvr.it</a>","TheStreet",0,FALSE,FALSE,NA,NA
"278","When good news arrives from the U.S. Internal Revenue Service, it certainly should be given a full public airing: https://t.co/r1SJl7hsDI",FALSE,0,NA,2017-04-05 13:32:59,FALSE,NA,"849615853792505856",NA,"<a href=""http://www.socialflow.com"" rel=""nofollow"">SocialFlow</a>","TheStreet",2,FALSE,FALSE,NA,NA
"279","Amazon acquires the right to buy up to 23% of hydrogen fuel cell maker Plug Power: https://t.co/BSoDOtwKX6",FALSE,6,NA,2017-04-05 13:16:05,FALSE,NA,"849611602865291264",NA,"<a href=""http://www.socialflow.com"" rel=""nofollow"">SocialFlow</a>","TheStreet",2,FALSE,FALSE,NA,NA
"280","Investors await a series of potential market-moving news: https://t.co/NeGAVtcSZv",FALSE,3,NA,2017-04-05 13:08:04,FALSE,NA,"849609583995834369",NA,"<a href=""http://www.socialflow.com"" rel=""nofollow"">SocialFlow</a>","TheStreet",1,FALSE,FALSE,NA,NA
"281","World's sixth-largest advertising group company announces the launch of Havas GIMC Advertising Co: https://t.co/bpwrYnbe0u",FALSE,2,NA,2017-04-05 12:55:04,FALSE,NA,"849606312631644160",NA,"<a href=""http://www.socialflow.com"" rel=""nofollow"">SocialFlow</a>","TheStreet",0,FALSE,FALSE,NA,NA
"282","PPG Extends Olive Branch To Akzo Nobel As Takeover Meeting Remains Elusive
https://t.co/zZkvH9HkOu",FALSE,1,NA,2017-04-05 12:55:04,FALSE,NA,"849606310597414914",NA,"<a href=""http://twitter.com"" rel=""nofollow"">Twitter Web Client</a>","TheStreet",2,FALSE,FALSE,NA,NA
"283","The best investment for 30-year U.S. Treasury bonds is the 20+ Year Treasury Bond ETF: https://t.co/TvHX4endhp",FALSE,4,NA,2017-04-05 12:43:04,FALSE,NA,"849603290694381569",NA,"<a href=""http://www.socialflow.com"" rel=""nofollow"">SocialFlow</a>","TheStreet",1,FALSE,FALSE,NA,NA
"284","With a growing public interest in sustainability, Adidas-owned Reebok plans to debut a lifestyle shoe: https://t.co/Xw6kzwh5ch",FALSE,10,NA,2017-04-05 12:32:05,FALSE,NA,"849600528820600833",NA,"<a href=""http://www.socialflow.com"" rel=""nofollow"">SocialFlow</a>","TheStreet",6,FALSE,FALSE,NA,NA
"285","Key U.S. supply data could signal a change in direction for the world's most-traded commodity: https://t.co/6fg4f8yHrb",FALSE,1,NA,2017-04-05 12:27:07,FALSE,NA,"849599279631151104",NA,"<a href=""http://www.socialflow.com"" rel=""nofollow"">SocialFlow</a>","TheStreet",1,FALSE,FALSE,NA,NA
"286","What are your #TradingStrategies for April? @jimcramer sits down with the experts this morning at 11a. Watch live o… https://t.co/id1cGi9aRL",FALSE,0,NA,2017-04-05 12:23:17,TRUE,NA,"849598315683557376",NA,"<a href=""https://about.twitter.com/products/tweetdeck"" rel=""nofollow"">TweetDeck</a>","TheStreet",4,FALSE,FALSE,NA,NA
"287","JAB Holdings will acquire a great American success story in Panera Bread: https://t.co/vzBKb8QVI4",FALSE,6,NA,2017-04-05 12:15:03,FALSE,NA,"849596244095901696",NA,"<a href=""http://www.socialflow.com"" rel=""nofollow"">SocialFlow</a>","TheStreet",4,FALSE,FALSE,NA,NA
"288","5 things you must know before the market opens Tuesday https://t.co/gFV6Tis6t8 #StockAction",FALSE,2,NA,2017-04-05 12:11:51,FALSE,NA,"849595435551399936",NA,"<a href=""https://dlvrit.com/"" rel=""nofollow"">dlvr.it</a>","TheStreet",1,FALSE,FALSE,NA,NA
"289","BMO Capital Markets analysts explain why they raised their price target on Amazon stock: https://t.co/MYilebgbeK",FALSE,0,NA,2017-04-05 12:09:03,FALSE,NA,"849594732862951424",NA,"<a href=""http://www.socialflow.com"" rel=""nofollow"">SocialFlow</a>","TheStreet",2,FALSE,FALSE,NA,NA
"290","Here's what @JimCramer had to say about some of the stocks during the Mad Money Lightning Round: https://t.co/wQLq1mi4Py",FALSE,3,NA,2017-04-05 11:55:03,FALSE,NA,"849591207193956352",NA,"<a href=""http://www.socialflow.com"" rel=""nofollow"">SocialFlow</a>","TheStreet",1,FALSE,FALSE,NA,NA
"291","Stock Futures Under Pressure Ahead of Fed Minutes, U.S.-China Meeting https://t.co/YxfAbfosG9 https://t.co/CoqMeVjbYR",FALSE,3,NA,2017-04-05 11:53:11,FALSE,NA,"849590738903941120",NA,"<a href=""https://dlvrit.com/"" rel=""nofollow"">dlvr.it</a>","TheStreet",1,FALSE,FALSE,NA,NA
"292","Investors must be prepared to defend themselves against all avenues of attack: https://t.co/wLUbvz1C4S",FALSE,0,NA,2017-04-05 11:41:05,FALSE,NA,"849587694174961664",NA,"<a href=""http://www.socialflow.com"" rel=""nofollow"">SocialFlow</a>","TheStreet",2,FALSE,FALSE,NA,NA
"293","The risks and rewards of marketing online data are coming into sharper relief: https://t.co/aQK9wqK7IR",FALSE,3,NA,2017-04-05 11:33:04,FALSE,NA,"849585675661967362",NA,"<a href=""http://www.socialflow.com"" rel=""nofollow"">SocialFlow</a>","TheStreet",1,FALSE,FALSE,NA,NA
"294","ChemChina &amp; Syngenta have won conditional approval from the European Commission for their $43 billion deal: https://t.co/RDCYmg2eX8",FALSE,1,NA,2017-04-05 11:26:07,FALSE,NA,"849583925970309120",NA,"<a href=""http://www.socialflow.com"" rel=""nofollow"">SocialFlow</a>","TheStreet",2,FALSE,FALSE,NA,NA
"295","JAB Holdings Paying a 20% Premium for Panera Bread Company https://t.co/ZyWCuO3gkG #stockaction https://t.co/H8VU0Y9E3M",FALSE,1,NA,2017-04-05 11:22:10,FALSE,NA,"849582933442678785",NA,"<a href=""https://dlvrit.com/"" rel=""nofollow"">dlvr.it</a>","TheStreet",3,FALSE,FALSE,NA,NA
"296","World's biggest mining company jumps to the top of the London market: https://t.co/wXGJkHHmK5",FALSE,5,NA,2017-04-05 11:19:03,FALSE,NA,"849582148013223937",NA,"<a href=""http://www.socialflow.com"" rel=""nofollow"">SocialFlow</a>","TheStreet",4,FALSE,FALSE,NA,NA
"297","JAB Holdings purchases Panera Bread. This is what you need to know before the bell: https://t.co/QxxyZR8EZ4",FALSE,3,NA,2017-04-05 11:14:48,FALSE,NA,"849581078423666688",NA,"<a href=""http://www.socialflow.com"" rel=""nofollow"">SocialFlow</a>","TheStreet",2,FALSE,FALSE,NA,NA
"298","Tesla files a patent application that could change the way homes and businesses store electricity: https://t.co/W54iSQ7N5z",FALSE,28,NA,2017-04-05 11:08:09,FALSE,NA,"849579405185880068",NA,"<a href=""http://www.socialflow.com"" rel=""nofollow"">SocialFlow</a>","TheStreet",15,FALSE,FALSE,NA,NA
"299","Global Crude Prices Hit One-Month High Ahead of EIA Supply Report
https://t.co/Gw0NbEc5EN",FALSE,2,NA,2017-04-05 10:57:38,FALSE,NA,"849576758668140544",NA,"<a href=""http://twitter.com"" rel=""nofollow"">Twitter Web Client</a>","TheStreet",2,FALSE,FALSE,NA,NA
"300","Many companies in the consumer space could be about to move forward with big deals: https://t.co/CfkFovSCvd",FALSE,2,NA,2017-04-05 10:57:03,FALSE,NA,"849576614723801088",NA,"<a href=""http://www.socialflow.com"" rel=""nofollow"">SocialFlow</a>","TheStreet",1,FALSE,FALSE,NA,NA
"301","EU Approves ChemChina's $43 billion Acquisition of Syngenta
https://t.co/yUGYdZgdZq",FALSE,6,NA,2017-04-05 10:43:25,FALSE,NA,"849573181337862144",NA,"<a href=""http://twitter.com"" rel=""nofollow"">Twitter Web Client</a>","TheStreet",3,FALSE,FALSE,NA,NA
"302","Goldman Sachs analysts discount an ongoing federal investigation of construction equipment maker Caterpillar: https://t.co/OOoHy7PEsu",FALSE,8,NA,2017-04-05 10:33:07,FALSE,NA,"849570589480235009",NA,"<a href=""http://www.socialflow.com"" rel=""nofollow"">SocialFlow</a>","TheStreet",4,FALSE,FALSE,NA,NA
"303","Breaking — Richmond Fed President Lacker resigns https://t.co/URpvQYss8t",FALSE,3,NA,2017-04-04 17:44:39,FALSE,NA,"849316801041321986",NA,"<a href=""http://www.socialflow.com"" rel=""nofollow"">SocialFlow</a>","TheStreet",2,FALSE,FALSE,NA,NA
"304",".@jimcramer on what's next for Nvidia shares: https://t.co/JbOEiV71QE $NVDA https://t.co/gWXzmEeRwz",FALSE,10,NA,2017-04-04 17:35:05,FALSE,NA,"849314393280073728",NA,"<a href=""https://studio.twitter.com"" rel=""nofollow"">Media Studio</a>","TheStreet",3,FALSE,FALSE,NA,NA
"305","Shares of Seadrill were plummeting Tuesday https://t.co/7sGffuEeQO $SDRL",FALSE,2,NA,2017-04-04 17:24:01,FALSE,NA,"849311608971157504",NA,"<a href=""http://www.socialflow.com"" rel=""nofollow"">SocialFlow</a>","TheStreet",1,FALSE,FALSE,NA,NA
"306","Amazon's ad business could skyrocket 65% to $3.5 billion in 2017 https://t.co/xZrcGfH1E1 $AMZN",FALSE,5,NA,2017-04-04 17:13:02,FALSE,NA,"849308844979302400",NA,"<a href=""http://www.socialflow.com"" rel=""nofollow"">SocialFlow</a>","TheStreet",2,FALSE,FALSE,NA,NA
"307",".@jimcramer on Ralph Lauren closing its iconic 5th avenue store: https://t.co/EjeTjahxgs $RL https://t.co/5022AlhQzr",FALSE,7,NA,2017-04-04 17:03:02,FALSE,NA,"849306325796311040",NA,"<a href=""https://studio.twitter.com"" rel=""nofollow"">Media Studio</a>","TheStreet",3,FALSE,FALSE,NA,NA
"308","Susan Rice Denies Playing Politics with Intel, Leaking https://t.co/3ZIymsjsEt https://t.co/AhL3v2hxCm",FALSE,0,NA,2017-04-04 17:02:17,FALSE,NA,"849306140525686785",NA,"<a href=""https://dlvrit.com/"" rel=""nofollow"">dlvr.it</a>","TheStreet",3,FALSE,FALSE,NA,NA
"309","Kate Spade just needs some time: https://t.co/U6waD9fP7O",FALSE,3,NA,2017-04-04 16:52:09,FALSE,NA,"849303589868765184",NA,"<a href=""http://www.socialflow.com"" rel=""nofollow"">SocialFlow</a>","TheStreet",1,FALSE,FALSE,NA,NA
"310","Sotheby's auctions a 59.6 carat diamond called the ""Pink Star"" for $71.2 million: https://t.co/AWNJPRWuFh",FALSE,6,NA,2017-04-04 16:44:02,FALSE,NA,"849301545141272576",NA,"<a href=""http://www.socialflow.com"" rel=""nofollow"">SocialFlow</a>","TheStreet",6,FALSE,FALSE,NA,NA
"311","Why Jamie Dimon believes 'too big to fail' has been solved https://t.co/1oMneTS05v https://t.co/lZispX8Ozu",FALSE,3,NA,2017-04-04 16:35:25,FALSE,NA,"849299378225467393",NA,"<a href=""https://dlvrit.com/"" rel=""nofollow"">dlvr.it</a>","TheStreet",2,FALSE,FALSE,NA,NA
"312","Trump has a penchant for bringing in CEOs to talk business: https://t.co/p5JJppttKf",FALSE,3,NA,2017-04-04 16:32:05,FALSE,NA,"849298539117256706",NA,"<a href=""http://www.socialflow.com"" rel=""nofollow"">SocialFlow</a>","TheStreet",1,FALSE,FALSE,NA,NA
"313","American Airlines' new basic economy fares are working as envisioned: https://t.co/PGM5NRU82e",FALSE,1,NA,2017-04-04 16:22:04,FALSE,NA,"849296018164375561",NA,"<a href=""http://www.socialflow.com"" rel=""nofollow"">SocialFlow</a>","TheStreet",3,FALSE,FALSE,NA,NA
"314","Tronc's Back-and-Forth Boardroom Battle Royale https://t.co/UL0nZm2rOn https://t.co/pYWhyZw2Mu",FALSE,1,NA,2017-04-04 16:16:53,FALSE,NA,"849294714343899136",NA,"<a href=""https://dlvrit.com/"" rel=""nofollow"">dlvr.it</a>","TheStreet",0,FALSE,FALSE,NA,NA
"315","Diversified consumer clothes manufacturer V.F. Corp in agreement to sell its Licensed Sports Group: https://t.co/qx7DxlDDJd",FALSE,4,NA,2017-04-04 16:14:01,FALSE,NA,"849293991409582081",NA,"<a href=""http://www.socialflow.com"" rel=""nofollow"">SocialFlow</a>","TheStreet",3,FALSE,FALSE,NA,NA
"316","Staples is exploring the potential sale of the company: https://t.co/GQJVMzF4T5",FALSE,1,NA,2017-04-04 16:04:06,FALSE,NA,"849291496310411265",NA,"<a href=""http://www.socialflow.com"" rel=""nofollow"">SocialFlow</a>","TheStreet",3,FALSE,FALSE,NA,NA
"317","Stocks moved lower Tuesday as nerves rose over a politically fraught meeting between Trump and China's President: https://t.co/tM8GBNgtcG",FALSE,2,NA,2017-04-04 15:52:07,FALSE,NA,"849288478735118337",NA,"<a href=""http://www.socialflow.com"" rel=""nofollow"">SocialFlow</a>","TheStreet",4,FALSE,FALSE,NA,NA
"318","Dow Turns Higher as Caterpillar Does Some Heavy Lifting https://t.co/GGFujXEudg https://t.co/8fuyj9NMku",FALSE,3,NA,2017-04-04 15:42:09,FALSE,NA,"849285972206403584",NA,"<a href=""https://dlvrit.com/"" rel=""nofollow"">dlvr.it</a>","TheStreet",2,FALSE,FALSE,NA,NA
"319","The U.S. trade deficit decreased more than expected during February: https://t.co/N1bhguJ6yG",FALSE,4,NA,2017-04-04 15:42:06,FALSE,NA,"849285958365315075",NA,"<a href=""http://www.socialflow.com"" rel=""nofollow"">SocialFlow</a>","TheStreet",3,FALSE,FALSE,NA,NA
"320","Trump CEO Town Hall Today Includes Hedge Fund Chiefs, Real Estate Moguls https://t.co/55HR9bNBXQ https://t.co/65X1Kl4NT9",FALSE,3,NA,2017-04-04 15:34:23,FALSE,NA,"849284017320894464",NA,"<a href=""https://dlvrit.com/"" rel=""nofollow"">dlvr.it</a>","TheStreet",0,FALSE,FALSE,NA,NA
"321","Seadrill warns that its debt restructuring process will result in significant losses: https://t.co/BUh7sfiOhj",FALSE,1,NA,2017-04-04 15:32:02,FALSE,NA,"849283427950100480",NA,"<a href=""http://www.socialflow.com"" rel=""nofollow"">SocialFlow</a>","TheStreet",1,FALSE,FALSE,NA,NA
"322","Fast-food continues to clean up its act: https://t.co/Mr5VuTAOpT",FALSE,1,NA,2017-04-04 15:25:03,FALSE,NA,"849281667701276672",NA,"<a href=""http://www.socialflow.com"" rel=""nofollow"">SocialFlow</a>","TheStreet",1,FALSE,FALSE,NA,NA
"323","Apple look to purchase British graphics card-maker Imagination Technologies:
https://t.co/RlYI1iUTbD",FALSE,2,NA,2017-04-04 15:17:07,FALSE,NA,"849279673116880896",NA,"<a href=""http://www.socialflow.com"" rel=""nofollow"">SocialFlow</a>","TheStreet",4,FALSE,FALSE,NA,NA
"324","Chipmaker Qualcomm seeks to get FTC lawsuit dismissed: https://t.co/DZaakxEvx1",FALSE,0,NA,2017-04-04 15:08:02,FALSE,NA,"849277385472188420",NA,"<a href=""http://www.socialflow.com"" rel=""nofollow"">SocialFlow</a>","TheStreet",1,FALSE,FALSE,NA,NA
"325","It's Apple vs. Facebook! Counting down to a winner in https://t.co/o6IinlYWAM's Market Bracket Challenge https://t.co/6VwxMDPBoi",FALSE,20,NA,2017-04-03 19:46:03,FALSE,NA,"848984964406235140",NA,"<a href=""https://periscope.tv"" rel=""nofollow"">Periscope</a>","TheStreet",4,FALSE,FALSE,NA,NA
"326","McKinsey Global Institute predicts that the shortage in the U.S. could increase to 250,000 data scientists by 2024 https://t.co/iOdkLL1hth",FALSE,2,NA,2017-04-03 19:44:06,FALSE,NA,"848984475447025664",NA,"<a href=""http://www.socialflow.com"" rel=""nofollow"">SocialFlow</a>","TheStreet",4,FALSE,FALSE,NA,NA
"327","A look at several stocks that could experience big short squeezes when they report earnings this week https://t.co/6HQcMXfdrk",FALSE,1,NA,2017-04-03 19:39:07,FALSE,NA,"848983218573516801",NA,"<a href=""http://www.socialflow.com"" rel=""nofollow"">SocialFlow</a>","TheStreet",4,FALSE,FALSE,NA,NA
"328","Google's 'Very Very Very Small' Advertising Problem Is Still a Big Issue for Marketers https://t.co/NRkXpRpT1O https://t.co/0m4MqIfLVW",FALSE,3,NA,2017-04-03 19:37:08,FALSE,NA,"848982718520086528",NA,"<a href=""https://dlvrit.com/"" rel=""nofollow"">dlvr.it</a>","TheStreet",0,FALSE,FALSE,NA,NA
"329","The move comes in response to BP shareholders demanding tougher criteria for awarding bonuses to executives https://t.co/N2YAjM2j7s $BP",FALSE,3,NA,2017-04-03 19:27:03,FALSE,NA,"848980184569131009",NA,"<a href=""http://www.socialflow.com"" rel=""nofollow"">SocialFlow</a>","TheStreet",2,FALSE,FALSE,NA,NA
"330","J. Crew President Jenna Lyons is exiting the company after her 26 year stint https://t.co/jK3vtz0ctZ",FALSE,1,NA,2017-04-03 19:18:03,FALSE,NA,"848977916805476352",NA,"<a href=""http://www.socialflow.com"" rel=""nofollow"">SocialFlow</a>","TheStreet",3,FALSE,FALSE,NA,NA
"331","How many EpiPens will Mylan recall? https://t.co/WgtMDwcBta $MYL https://t.co/32R2cEXNBX",FALSE,1,NA,2017-04-03 19:16:04,FALSE,NA,"848977419692199937",NA,"<a href=""https://studio.twitter.com"" rel=""nofollow"">Media Studio</a>","TheStreet",3,FALSE,FALSE,NA,NA
"332","Shopify raised its revenue guidance for fiscal 2017 -- from $120 million to $122 million https://t.co/OqkgSU6IBr $SHOP",FALSE,1,NA,2017-04-03 19:05:04,FALSE,NA,"848974650193346560",NA,"<a href=""http://www.socialflow.com"" rel=""nofollow"">SocialFlow</a>","TheStreet",1,FALSE,FALSE,NA,NA
"333","A vote on Gorsuch has been scheduled for Friday https://t.co/vysAjkBc2n",FALSE,3,NA,2017-04-03 18:51:11,FALSE,NA,"848971158426963973",NA,"<a href=""http://www.socialflow.com"" rel=""nofollow"">SocialFlow</a>","TheStreet",1,FALSE,FALSE,NA,NA
"334","""Now, there's a new generation on the verge of taking control that has less a sense of an outlaw pirate mentality."" https://t.co/b2eOrV8PKP",FALSE,0,NA,2017-04-03 18:42:34,FALSE,NA,"848968988638015489",NA,"<a href=""http://www.socialflow.com"" rel=""nofollow"">SocialFlow</a>","TheStreet",0,FALSE,FALSE,NA,NA
"335","Silicon Valley's mad scramble for highly-coveted special visas for skilled overseas workers started Monday https://t.co/goKEHphfuh",FALSE,4,NA,2017-04-03 18:34:46,FALSE,NA,"848967025477242880",NA,"<a href=""http://www.socialflow.com"" rel=""nofollow"">SocialFlow</a>","TheStreet",5,FALSE,FALSE,NA,NA
"336","3 reasons Panera could carry a $7B price tag: https://t.co/DRZk7iOTGr $PNRA https://t.co/yo0wk01hx4",FALSE,6,NA,2017-04-03 18:28:06,FALSE,NA,"848965347814158336",NA,"<a href=""https://studio.twitter.com"" rel=""nofollow"">Media Studio</a>","TheStreet",4,FALSE,FALSE,NA,NA
"337","Ford is getting hit hard as a new month begins https://t.co/zsa21Wz6Iw $F",FALSE,4,NA,2017-04-03 18:16:03,FALSE,NA,"848962315483533312",NA,"<a href=""http://www.socialflow.com"" rel=""nofollow"">SocialFlow</a>","TheStreet",2,FALSE,FALSE,NA,NA
"338","Johnson must find a solution to jam-packed Starbucks stores that may actually be costing the company sales https://t.co/yjD2pGVcaX $SBUX",FALSE,3,NA,2017-04-03 18:09:03,FALSE,NA,"848960553385172997",NA,"<a href=""http://www.socialflow.com"" rel=""nofollow"">SocialFlow</a>","TheStreet",0,FALSE,FALSE,NA,NA
"339","The wealthiest of the wealthy are starting to pop up on Instagram https://t.co/WCD1wOIOtm",FALSE,4,NA,2017-04-02 15:17:06,FALSE,NA,"848554892486742017",NA,"<a href=""http://www.socialflow.com"" rel=""nofollow"">SocialFlow</a>","TheStreet",2,FALSE,FALSE,NA,NA
